"row","variable","value"
"""Cf_H3G2R01P14""","""Cf_H4AR15P28""",0.00322807
"""Cf_Double_Pink""","""Cf_Cherokee_Chief_(2)""",0.003396278
"""Cf_Double_Pink""","""Cf_Spring_Song""",0.003532609
"""Cf_Cherokee_Princess""","""Cf_ssp._urbiniana_SpringMeadow""",0.004862237
"""Cf_Cherokee_Chief_(2)""","""Cf_Purple_Glory""",0.005762107
"""Cf_Cherokee_Chief_(2)""","""Cf_66345P_Missouri""",0.005869014
"""Cf_Spring_Song""","""Cf_Jaunita""",0.006176984
"""Cf_Little_Princess""","""Cf_Dixie_Colonnade""",0.006200556
"""Cf_Cherokee_Chief_(2)""","""Cf_66345L_Missouri""",0.006687174
"""Cf_Cherokee_Chief_(2)""","""Cf_Spring_Song""",0.006692545
"""Cf_Cherokee_Chief_(2)""","""Cf_Powell_Peach_(2)""",0.006702795
"""Cf_Cherokee_Chief_(2)""","""Cf_Sweetwater_Red_USNA""",0.006808392
"""Cf_Cherokee_Chief_(2)""","""Cf_rubra_H4A""",0.006830967
"""Cf_Cherokee_Princess""","""Cf_Karens_Appalachian_Blush""",0.007811448
"""Cf_ssp._urbiniana_Rutgers""","""Cf_ssp._urbiniana_USNA""",0.011512679
"""Cf_Pygmaea""","""Cf_H4AR15P35""",0.024352258
"""Cf_Cherokee_Chief_(2)""","""Cf_Red_Pygmy""",0.024442654
"""Cf_Pygmaea""","""Cf_Red_Beauty""",0.025876232
"""Cf_Double_Pink""","""Cf_Powell_Peach_(2)""",0.026395939
"""Cf_Spring_Song""","""Cf_Red_Pygmy""",0.027150538
"""Cf_Red_Beauty""","""Cf_Red_Pygmy""",0.027965415
"""Cf_D9999-0570.001_Ohio""","""Cf_D9999-0569.001_Ohio""",0.028505497
"""Cf_Spring_Song""","""Cf_Powell_Peach_(2)""",0.028701985
"""Cf_66345P_Missouri""","""Cf_66345L_Missouri""",0.028948773
"""Cf_66345P_Missouri""","""Cf_Sweetwater_Red_USNA""",0.029811425
"""Cf_H4AR15P25""","""Cf_Cloud_Nine""",0.030080305
"""Cf_Cherokee_Chief_(2)""","""Cf_H4AR15P28""",0.033020848
"""Cf_H3G2R01P14""","""Cf_Red_Beauty""",0.033152909
"""Cf_Karens_Appalachian_Blush""","""Cf_Cherokee_Chief_(2)""",0.033548041
"""Cf_Red_Beauty""","""Cf_H4AR15P28""",0.033704696
"""Cf_H4AR15P25""","""Cf_White_Cloud""",0.034245652
"""Cf_Kays_Appalachian_Mist""","""Cf_Cloud_Nine""",0.034520103
"""Cf_rubra_H4A""","""Cf_Purple_Glory""",0.034672537
"""Cf_66345L_Missouri""","""Cf_Sweetwater_Red_USNA""",0.035158421
"""Cf_66345P_Missouri""","""Cf_rubra_H4A""",0.035962567
"""Cf_Purple_Glory""","""Cf_Sweetwater_Red_USNA""",0.036368802
"""Cf_Cherokee_Chief_(2)""","""Cf_Red_Beauty""",0.03650815
"""Cf_Spring_Song""","""Cf_Red_Beauty""",0.036827195
"""Cf_Cloud_Nine""","""Cf_Powell_Peach_(2)""",0.037010369
"""Cf_Spring_Song""","""Cf_H4AR15P28""",0.03713565
"""Cf_Double_Pink""","""Cf_Purple_Glory""",0.037543615
"""Cf_Karens_Appalachian_Blush""","""Cf_Powell_Peach_(2)""",0.037773644
"""Cf_D9999-0570.001_Ohio""","""Cf_D9999-0573.001_Ohio""",0.038325632
"""Cf_Comco_No1_Cherokee_Brave""","""Cf_Spring_Song""",0.038612654
"""Cf_Purple_Glory""","""Cf_Powell_Peach_(2)""",0.039086517
"""Cf_Double_Pink""","""Cf_Jaunita""",0.039258451
"""Cf_D9999-0573.001_Ohio""","""Cf_D9999-0569.001_Ohio""",0.039394345
"""Cf_rubra_H4A""","""Cf_Powell_Peach_(2)""",0.039605376
"""Cf_rubra_H4A""","""Cf_Sweetwater_Red_USNA""",0.039783002
"""Cf_66345L_Missouri""","""Cf_Purple_Glory""",0.040642592
"""Cf_Comco_No1_Cherokee_Brave""","""Cf_rubra_H4A""",0.040796964
"""Cf_66345L_Missouri""","""Cf_rubra_H4A""",0.041923386
"""Cf_Red_Pygmy""","""Cf_H4AR15P28""",0.042287159
"""Cf_Red_Pygmy""","""Cf_Powell_Peach_(2)""",0.042537955
"""Cf_Cherokee_Chief_(2)""","""Cf_H3G2R01P14""",0.043542535
"""Cf_H4AR15P28""","""Cf_Jaunita""",0.043685911
"""Cf_White_Cloud""","""Cf_H4AR15P35""",0.044472327
"""Cf_Double_Pink""","""Cf_Red_Beauty""",0.04456596
"""Cf_Double_Pink""","""Cf_H4AR15P28""",0.044911882
"""Cf_66345L_Missouri""","""Cf_Powell_Peach_(2)""",0.04496788
"""Cf_Karens_Appalachian_Blush""","""Cf_Purple_Glory""",0.04589938
"""Cf_Cherokee_Chief_(2)""","""Cf_Jaunita""",0.04599705
"""Cf_Comco_No1_Cherokee_Brave""","""Cf_Cloud_Nine""",0.046168556
"""Cf_66345P_Missouri""","""Cf_Purple_Glory""",0.046333105
"""Cf_Karens_Appalachian_Blush""","""Cf_ssp._urbiniana_SpringMeadow""",0.04669318
"""Cf_Red_Beauty""","""Cf_Powell_Peach_(2)""",0.046886236
"""Cf_Karens_Appalachian_Blush""","""Cf_Spring_Song""",0.047689414
"""Cf_H3G2R01P14""","""Cf_rubra_H4A""",0.049919268
"""Cf_Spring_Song""","""Cf_66345L_Missouri""",0.049946438
"""Cf_Red_Pygmy""","""Cf_Jaunita""",0.050667026
"""Cf_Karens_Appalachian_Blush""","""Cf_rubra_H4A""",0.051619841
"""Cf_Jaunita""","""Cf_Powell_Peach_(2)""",0.051630435
"""Cf_66345P_Missouri""","""Cf_Powell_Peach_(2)""",0.051702037
"""Cf_Red_Beauty""","""Cf_Jaunita""",0.051763752
"""Cf_Karens_Appalachian_Blush""","""Cf_66345L_Missouri""",0.051805127
"""Cf_Double_Pink""","""Cf_Karens_Appalachian_Blush""",0.051921504
"""Cf_White_Cloud""","""Cf_H4AR15P28""",0.052042529
"""Cf_Comco_No1_Cherokee_Brave""","""Cf_Jaunita""",0.052417165
"""Cf_Comco_No1_Cherokee_Brave""","""Cf_Powell_Peach_(2)""",0.052699971
"""Cf_66345L_Missouri""","""Cf_Jaunita""",0.05273752
"""Cf_Karens_Appalachian_Blush""","""Cf_Jaunita""",0.053439225
"""Cf_Xanthocarpa""","""Cf_Xanthocarpa_Rutgers""",0.054134123
"""Cf_Comco_No1_Cherokee_Brave""","""Cf_Cherokee_Chief_(2)""",0.05468327
"""Cf_66345L_Missouri""","""Cf_H4AR15P28""",0.054723583
"""Cf_Double_Pink""","""Cf_Red_Pygmy""",0.055305817
"""Cf_Red_Beauty""","""Cf_Purple_Glory""",0.056608997
"""Cf_Pygmaea""","""Cf_H4AR15P28""",0.056821418
"""Cf_66345P_Missouri""","""Cf_Jaunita""",0.05690948
"""Cf_66345L_Missouri""","""Cf_Red_Pygmy""",0.057465091
"""Cf_Jaunita""","""Cf_Purple_Glory""",0.057536132
"""Cf_66345P_Missouri""","""Cf_Red_Pygmy""",0.057924377
"""Cf_Spring_Song""","""Cf_H3G2R01P14""",0.058538555
"""Cf_Double_Pink""","""Cf_Comco_No1_Cherokee_Brave""",0.058710562
"""Cf_Spring_Song""","""Cf_Purple_Glory""",0.058960968
"""Cf_Kays_Appalachian_Mist""","""Cf_Springtime""",0.058974359
"""Cf_Jaunita""","""Cf_Pluribracteata_Group""",0.059101975
"""Cf_Grovflor_Spring_Grove""","""Cf_H4AR15P35""",0.059210526
"""Cf_66345L_Missouri""","""Cf_Red_Beauty""",0.059409942
"""Cf_Kays_Appalachian_Mist""","""Cf_Powell_Peach_(2)""",0.059488059
"""Cf_D9999-0573.001_Ohio""","""Cf_Jaunita""",0.059559021
"""Cf_H4AR15P35""","""Cf_Springtime""",0.059640752
"""Cf_321-51*68_Michigan""","""Cf_321-51*85_Michigan""",0.05979798
"""Cf_Jeans_Appalachian_Snow""","""Cf_Encore""",0.060528444
"""Cf_H4AR15P35""","""Cf_Fragrant_Cloud""",0.06053496
"""Cf_50847J_Missouri""","""Cf_Fragrant_Cloud""",0.060674496
"""Cf_D9999-0573.001_Ohio""","""Cf_H4AR15P35""",0.060745706
"""Cf_Red_Beauty""","""Cf_H4AR15P35""",0.06078046
"""Cf_Grovflor_Spring_Grove""","""Cf_Super""",0.060820368
"""Cf_H3G2R01P14""","""Cf_Red_Pygmy""",0.060855485
"""Cf_Karens_Appalachian_Blush""","""Cf_H4AR15P35""",0.060856184
"""Cf_Pygmaea""","""Cf_Springtime""",0.060875513
"""Cf_rubra_H4A""","""Cf_Red_Pygmy""",0.060952637
"""Cf_Double_Pink""","""Cf_rubra_H4A""",0.060968971
"""Cf_Grovflor_Spring_Grove""","""Cf_Pluribracteata_Group""",0.061078007
"""Cf_D9999-0569.001_Ohio""","""Cf_ssp._urbiniana_SpringMeadow""",0.061167475
"""Cf_H4AR15P28""","""Cf_Powell_Peach_(2)""",0.061245882
"""Cf_Jeans_Appalachian_Snow""","""Cf_Grovflor_Spring_Grove""",0.061262959
"""Cf_Grovflor_Spring_Grove""","""Cf_Jaunita""",0.061362104
"""Cf_D9999-0569.001_Ohio""","""Cf_Springtime""",0.061389338
"""Cf_Super_Princess""","""Cf_H4AR15P35""",0.06154707
"""Cf_439-71*6_Michigan""","""Cf_439-71*4_Michigan""",0.061576021
"""Cf_Kays_Appalachian_Mist""","""Cf_Little_Princess""",0.061631827
"""Cf_Little_Princess""","""Cf_H4AR15P35""",0.06171108
"""Cf_Encore""","""Cf_H4AR15P35""",0.061842659
"""Cf_Jeans_Appalachian_Snow""","""Cf_H4AR15P35""",0.061993856
"""Cf_Karens_Appalachian_Blush""","""Cf_66345P_Missouri""",0.062022773
"""Cf_D9999-0573.001_Ohio""","""Cf_Springtime""",0.062061522
"""Cf_Appalachian_Joy""","""Cf_H4AR15P35""",0.062088297
"""Cf_D9999-0573.001_Ohio""","""Cf_Fragrant_Cloud""",0.062106211
"""Cf_66345L_Missouri""","""Cf_H4AR15P35""",0.062116992
"""Cf_Grovflor_Spring_Grove""","""Cf_Fragrant_Cloud""",0.062133293
"""Cf_H4AR15P35""","""Cf_Super""",0.062178451
"""Cf_50847J_Missouri""","""Cf_Pluribracteata_Group""",0.062220415
"""Cf_Comco_No1_Cherokee_Brave""","""Cf_Kays_Appalachian_Mist""",0.062304873
"""Cf_Fragrant_Cloud""","""Cf_Jaunita""",0.06233103
"""Cf_Little_Princess""","""Cf_Fragrant_Cloud""",0.062340394
"""Cf_D9999-0570.001_Ohio""","""Cf_Pluribracteata_Group""",0.062397373
"""Cf_D9999-0569.001_Ohio""","""Cf_Encore""",0.062449529
"""Cf_Little_Princess""","""Cf_Cloud_Nine""",0.062491509
"""Cf_rubra_H4A""","""Cf_Jaunita""",0.0625
"""Cf_Spring_Song""","""Cf_66345P_Missouri""",0.06252505
"""Cf_Little_Princess""","""Cf_Encore""",0.062550772
"""Cf_Purple_Glory""","""Cf_Springtime""",0.062569061
"""Cf_Appalachian_Joy""","""Cf_Cherokee_Princess""",0.062584482
"""Cf_Grovflor_Spring_Grove""","""Cf_Springtime""",0.062592943
"""Cf_Kays_Appalachian_Mist""","""Cf_Encore""",0.062609634
"""Cf_Encore""","""Cf_Springtime""",0.062677293
"""Cf_Appalachian_Spring_Maryland""","""Cf_Pluribracteata_Group""",0.062702703
"""Cf_Kays_Appalachian_Mist""","""Cf_Jaunita""",0.06282793
"""Cf_D9999-0570.001_Ohio""","""Cf_Springtime""",0.062850116
"""Cf_66345L_Missouri""","""Cf_Springtime""",0.062861758
"""Cf_D9999-0569.001_Ohio""","""Cf_Fragrant_Cloud""",0.062921348
"""Cf_Appalachian_Joy""","""Cf_Springtime""",0.062965471
"""Cf_D9999-0573.001_Ohio""","""Cf_Pluribracteata_Group""",0.062972973
"""Cf_Appalachian_Joy""","""Cf_Encore""",0.062982527
"""Cf_Jaunita""","""Cf_Springtime""",0.063039957
"""Cf_Kays_Appalachian_Mist""","""Cf_Fragrant_Cloud""",0.063082007
"""Cf_Pygmaea""","""Cf_Red_Pygmy""",0.063088898
"""Cf_D9999-0569.001_Ohio""","""Cf_Pluribracteata_Group""",0.063140853
"""Cf_Grovflor_Spring_Grove""","""Cf_Little_Princess""",0.063142239
"""Cf_66345P_Missouri""","""Cf_H4AR15P28""",0.063163779
"""Cf_Jeans_Appalachian_Snow""","""Cf_Fragrant_Cloud""",0.063165791
"""Cf_Appalachian_Spring_Maryland""","""Cf_Grovflor_Spring_Grove""",0.063182002
"""Cf_Purple_Glory""","""Cf_ssp._urbiniana_SpringMeadow""",0.06320712
"""Cf_Cloud_Nine""","""Cf_H4AR15P35""",0.063212727
"""Cf_Grovflor_Spring_Grove""","""Cf_Encore""",0.063294563
"""Cf_Comco_No1_Cherokee_Brave""","""Cf_Karens_Appalachian_Blush""",0.063306616
"""Cf_Red_Beauty""","""Cf_rubra_H4A""",0.063327032
"""Cf_Appalachian_Joy""","""Cf_D9999-0570.001_Ohio""",0.063370664
"""Cf_66345L_Missouri""","""Cf_Pluribracteata_Group""",0.06338503
"""Cf_Kays_Appalachian_Mist""","""Cf_D9999-0573.001_Ohio""",0.063423811
"""Cf_Kays_Appalachian_Mist""","""Cf_H4AR15P35""",0.063443264
"""Cf_D9999-0570.001_Ohio""","""Cf_Jaunita""",0.06344452
"""Cf_Pygmaea""","""Cf_Encore""",0.063448653
"""Cf_Comco_No1_Cherokee_Brave""","""Cf_Red_Beauty""",0.063513698
"""Cf_Super_Princess""","""Cf_Purple_Glory""",0.063601322
"""Cf_Jeans_Appalachian_Snow""","""Cf_Little_Princess""",0.06361186
"""Cf_H4AR15P35""","""Cf_Jaunita""",0.063627465
"""Cf_Super_Princess""","""Cf_Jaunita""",0.063660834
"""Cf_Grovflor_Spring_Grove""","""Cf_Super_Princess""",0.06366334
"""Cf_H4AR15P28""","""Cf_H4AR15P35""",0.063740403
"""Cf_Appalachian_Joy""","""Cf_D9999-0569.001_Ohio""",0.063786839
"""Cf_Kays_Appalachian_Mist""","""Cf_D9999-0569.001_Ohio""",0.063815525
"""Cf_Cherokee_Princess""","""Cf_H4AR15P35""",0.063838723
"""Cf_D9999-0569.001_Ohio""","""Cf_H4AR15P35""",0.063850551
"""Cf_Little_Princess""","""Cf_ssp._urbiniana_SpringMeadow""",0.063854889
"""Cf_Appalachian_Spring_Maryland""","""Cf_H4AR15P35""",0.063957548
"""Cf_Karens_Appalachian_Blush""","""Cf_Red_Beauty""",0.063962137
"""Cf_Red_Pygmy""","""Cf_Purple_Glory""",0.063991174
"""Cf_50847J_Missouri""","""Cf_D9999-0573.001_Ohio""",0.064007546
"""Cf_Little_Princess""","""Cf_Pluribracteata_Group""",0.064170398
"""Cf_Cherokee_Princess""","""Cf_D9999-0573.001_Ohio""",0.064216478
"""Cf_Grovflor_Spring_Grove""","""Cf_50847J_Missouri""",0.064315633
"""Cf_66345P_Missouri""","""Cf_Pluribracteata_Group""",0.064316469
"""Cf_H4AR15P28""","""Cf_Purple_Glory""",0.064353585
"""Cf_Grovflor_Spring_Grove""","""Cf_D9999-0573.001_Ohio""",0.064368435
"""Cf_Little_Princess""","""Cf_Jaunita""",0.06437247
"""Cf_rubra_H4A""","""Cf_H4AR15P28""",0.064375877
"""Cf_Cherokee_Princess""","""Cf_Grovflor_Spring_Grove""",0.064398542
"""Cf_Pygmaea""","""Cf_H3G2R01P14""",0.064428064
"""Cf_50847J_Missouri""","""Cf_D9999-0569.001_Ohio""",0.064433683
"""Cf_Cloud_Nine""","""Cf_Springtime""",0.064437194
"""Cf_Appalachian_Spring_Maryland""","""Cf_66345L_Missouri""",0.064485856
"""Cf_D9999-0573.001_Ohio""","""Cf_Super_Princess""",0.064533477
"""Cf_ssp._urbiniana_Morris""","""Cf_Fragrant_Cloud""",0.06462738
"""Cf_Cherokee_Princess""","""Cf_D9999-0569.001_Ohio""",0.064650538
"""Cf_ssp._urbiniana_Morris""","""Cf_H4AR15P35""",0.064673837
"""Cf_D9999-0569.001_Ohio""","""Cf_Jaunita""",0.064680623
"""Cf_D9999-0573.001_Ohio""","""Cf_Purple_Glory""",0.064684833
"""Cf_Kays_Appalachian_Mist""","""Cf_Karens_Appalachian_Blush""",0.064685315
"""Cf_Karens_Appalachian_Blush""","""Cf_Springtime""",0.064703499
"""Cf_D9999-0573.001_Ohio""","""Cf_Encore""",0.064724919
"""Cf_Cherokee_Princess""","""Cf_Encore""",0.064747229
"""Cf_Fragrant_Cloud""","""Cf_ssp._urbiniana_SpringMeadow""",0.064751627
"""Cf_66345L_Missouri""","""Cf_D9999-0573.001_Ohio""",0.064753988
"""Cf_Fragrant_Cloud""","""Cf_Springtime""",0.064807837
"""Cf_Appalachian_Joy""","""Cf_Jeans_Appalachian_Snow""",0.064816063
"""Cf_H4AR15P35""","""Cf_Purple_Glory""",0.064881123
"""Cf_H3G2R01P14""","""Cf_66345P_Missouri""",0.064922871
"""Cf_66345P_Missouri""","""Cf_Red_Beauty""",0.064945543
"""Cf_Super_Princess""","""Cf_Springtime""",0.064956111
"""Cf_Kays_Appalachian_Mist""","""Cf_Purple_Glory""",0.064960088
"""Cf_Jeans_Appalachian_Snow""","""Cf_Springtime""",0.064968325
"""Cf_Little_Princess""","""Cf_Springtime""",0.064979017
"""Cf_66345P_Missouri""","""Cf_D9999-0573.001_Ohio""",0.064981949
"""Cf_D9999-0570.001_Ohio""","""Cf_Fragrant_Cloud""",0.064996203
"""Cf_Appalachian_Spring_Maryland""","""Cf_Little_Princess""",0.065050505
"""Cf_50847J_Missouri""","""Cf_Springtime""",0.065087957
"""Cf_66345P_Missouri""","""Cf_Fragrant_Cloud""",0.065171898
"""Cf_50847J_Missouri""","""Cf_Encore""",0.065205628
"""Cf_Appalachian_Spring_Maryland""","""Cf_D9999-0570.001_Ohio""",0.065226254
"""Cf_D9999-0569.001_Ohio""","""Cf_Super_Princess""",0.065234899
"""Cf_D9999-0573.001_Ohio""","""Cf_ssp._urbiniana_Morris""",0.06528748
"""Cf_Dixie_Colonnade""","""Cf_Fragrant_Cloud""",0.065330029
"""Cf_D9999-0570.001_Ohio""","""Cf_H4AR15P35""",0.065355779
"""Cf_66345P_Missouri""","""Cf_H4AR15P35""",0.065368567
"""Cf_Jeans_Appalachian_Snow""","""Cf_Cherokee_Princess""",0.065392896
"""Cf_Kays_Appalachian_Mist""","""Cf_Super_Princess""",0.065392896
"""Cf_Little_Princess""","""Cf_White_Cloud""",0.065401696
"""Cf_Kays_Appalachian_Mist""","""Cf_Pluribracteata_Group""",0.065405405
"""Cf_Appalachian_Joy""","""Cf_Super_Princess""",0.065487443
"""Cf_Kays_Appalachian_Mist""","""Cf_50847J_Missouri""",0.065498652
"""Cf_50820H_Missouri""","""Cf_Fragrant_Cloud""",0.065504808
"""Cf_Little_Princess""","""Cf_rubra_H4A""",0.065516312
"""Cf_Encore""","""Cf_Pluribracteata_Group""",0.06554485
"""Cf_Jeans_Appalachian_Snow""","""Cf_Kays_Appalachian_Mist""",0.065556153
"""Cf_Encore""","""Cf_Super_Princess""",0.065578195
"""Cf_Fastigiata""","""Cf_Pluribracteata_Group""",0.065584855
"""Cf_Encore""","""Cf_Fragrant_Cloud""",0.065600965
"""Cf_Appalachian_Spring_Maryland""","""Cf_Jaunita""",0.065626681
"""Cf_Little_Princess""","""Cf_D9999-0569.001_Ohio""",0.065635508
"""Cf_Cherokee_Princess""","""Cf_Springtime""",0.06565793
"""Cf_50847J_Missouri""","""Cf_H4AR15P35""",0.065677076
"""Cf_Kays_Appalachian_Mist""","""Cf_Pygmaea""",0.065685473
"""Cf_Comco_No1_Cherokee_Brave""","""Cf_H3G2R01P14""",0.065705346
"""Cf_Cloud_Nine""","""Cf_Super_Princess""",0.065718157
"""Cf_Springtime""","""Cf_Super""",0.065741003
"""Cf_Grovflor_Spring_Grove""","""Cf_66345L_Missouri""",0.065752319
"""Cf_Double_Pink""","""Cf_66345L_Missouri""",0.065769806
"""Cf_50847J_Missouri""","""Cf_ssp._urbiniana_SpringMeadow""",0.065770027
"""Cf_Little_Princess""","""Cf_ssp._urbiniana_Morris""",0.065777059
"""Cf_Jaunita""","""Cf_ssp._urbiniana_SpringMeadow""",0.065781711
"""Cf_Jeans_Appalachian_Snow""","""Cf_D9999-0569.001_Ohio""",0.065800054
"""Cf_H4AR15P35""","""Cf_Pluribracteata_Group""",0.065907813
"""Cf_Rainbow""","""Cf_Pluribracteata_Group""",0.065922921
"""Cf_66345P_Missouri""","""Cf_Encore""",0.065950302
"""Cf_Grovflor_Spring_Grove""","""Cf_Cloud_Nine""",0.065960912
"""Cf_Jeans_Appalachian_Snow""","""Cf_Super_Princess""",0.065985755
"""Cf_Little_Princess""","""Cf_66345P_Missouri""",0.066040268
"""Cf_Karens_Appalachian_Blush""","""Cf_Grovflor_Spring_Grove""",0.066091179
"""Cf_Comco_No1_Cherokee_Brave""","""Cf_Purple_Glory""",0.066175448
"""Cf_Cherokee_Princess""","""Cf_Jaunita""",0.066181426
"""Cf_50847J_Missouri""","""Cf_Jaunita""",0.066181426
"""Cf_Appalachian_Spring_Maryland""","""Cf_Encore""",0.066208198
"""Cf_Pluribracteata_Group""","""Cf_Springtime""",0.066241347
"""Cf_Grovflor_Spring_Grove""","""Cf_White_Cloud""",0.066299086
"""Cf_ssp._urbiniana_Morris""","""Cf_Springtime""",0.066316215
"""Cf_Cloud_Nine""","""Cf_White_Cloud""",0.066333423
"""Cf_Jeans_Appalachian_Snow""","""Cf_White_Cloud""",0.066353887
"""Cf_Kays_Appalachian_Mist""","""Cf_D9999-0570.001_Ohio""",0.066367469
"""Cf_Grovflor_Spring_Grove""","""Cf_D9999-0569.001_Ohio""",0.066406775
"""Cf_Grovflor_Spring_Grove""","""Cf_D9999-0570.001_Ohio""",0.066421167
"""Cf_Cherokee_Princess""","""Cf_Little_Princess""",0.066432622
"""Cf_Cloud_Nine""","""Cf_D9999-0573.001_Ohio""",0.066450129
"""Cf_Super_Princess""","""Cf_Fragrant_Cloud""",0.066456172
"""Cf_Cherokee_Princess""","""Cf_Purple_Glory""",0.06647359
"""Cf_H4AR15P25""","""Cf_H4AR15P35""",0.066488614
"""Cf_Little_Princess""","""Cf_Super_Princess""",0.066531714
"""Cf_D9999-0570.001_Ohio""","""Cf_Super_Princess""",0.066548721
"""Cf_Appalachian_Joy""","""Cf_Little_Princess""",0.066558442
"""Cf_Appalachian_Joy""","""Cf_D9999-0573.001_Ohio""",0.066576819
"""Cf_ssp._urbiniana_Morris""","""Cf_Jaunita""",0.066577001
"""Cf_H4AR15P35""","""Cf_Powell_Peach_(2)""",0.066577301
"""Cf_Rainbow""","""Cf_ssp._urbiniana_SpringMeadow""",0.06660793
"""Cf_Jeans_Appalachian_Snow""","""Cf_D9999-0570.001_Ohio""",0.066612289
"""Cf_rubra_H4A""","""Cf_Pluribracteata_Group""",0.06661262
"""Cf_66345P_Missouri""","""Cf_Springtime""",0.066630844
"""Cf_Appalachian_Spring_Maryland""","""Cf_Springtime""",0.066648678
"""Cf_Appalachian_Spring_Maryland""","""Cf_Fastigiata""",0.066657707
"""Cf_Springtime""","""Cf_ssp._urbiniana_SpringMeadow""",0.066676523
"""Cf_Cloud_Nine""","""Cf_Encore""",0.066721022
"""Cf_Appalachian_Spring_Maryland""","""Cf_D9999-0573.001_Ohio""",0.066747247
"""Cf_White_Cloud""","""Cf_Fragrant_Cloud""",0.066766467
"""Cf_Kays_Appalachian_Mist""","""Cf_rubra_H4A""",0.06677415
"""Cf_Pluribracteata_Group""","""Cf_Purple_Glory""",0.066777271
"""Cf_Appalachian_Joy""","""Cf_Fragrant_Cloud""",0.066817156
"""Cf_Jeans_Appalachian_Snow""","""Cf_Pygmaea""",0.066857298
"""Cf_Jeans_Appalachian_Snow""","""Cf_D9999-0573.001_Ohio""",0.066863588
"""Cf_Little_Princess""","""Cf_Pygmaea""",0.066867223
"""Cf_Pygmaea""","""Cf_Pluribracteata_Group""",0.066867635
"""Cf_D9999-0570.001_Ohio""","""Cf_Purple_Glory""",0.066870995
"""Cf_D9999-0570.001_Ohio""","""Cf_Encore""",0.066912468
"""Cf_66345L_Missouri""","""Cf_White_Cloud""",0.066934404
"""Cf_50847J_Missouri""","""Cf_66345P_Missouri""",0.066952905
"""Cf_Appalachian_Joy""","""Cf_Jaunita""",0.066954644
"""Cf_Cherokee_Princess""","""Cf_Kays_Appalachian_Mist""",0.066963083
"""Cf_Jeans_Appalachian_Snow""","""Cf_Pluribracteata_Group""",0.066981769
"""Cf_rubra_H4A""","""Cf_H4AR15P35""",0.066992324
"""Cf_Pygmaea""","""Cf_D9999-0573.001_Ohio""",0.067020842
"""Cf_Jeans_Appalachian_Snow""","""Cf_Super""",0.067024129
"""Cf_First_Lady_(2)""","""Cf_White_Cloud""",0.067042859
"""Cf_439-71*6_Michigan""","""Cf_Springtime""",0.067063277
"""Cf_Grovflor_Spring_Grove""","""Cf_ssp._urbiniana_Morris""",0.067070707
"""Cf_Cloud_Nine""","""Cf_Pygmaea""",0.067124228
"""Cf_Little_Princess""","""Cf_D9999-0570.001_Ohio""",0.067267021
"""Cf_Appalachian_Spring_Maryland""","""Cf_66345P_Missouri""",0.06727297
"""Cf_Jeans_Appalachian_Snow""","""Cf_ssp._urbiniana_Morris""",0.067284448
"""Cf_Comco_No1_Cherokee_Brave""","""Cf_H4AR15P28""",0.067289984
"""Cf_Comco_No1_Cherokee_Brave""","""Cf_66345L_Missouri""",0.067298578
"""Cf_Appalachian_Spring_Maryland""","""Cf_D9999-0569.001_Ohio""",0.067301247
"""Cf_ssp._urbiniana_Morris""","""Cf_Super_Princess""",0.067311568
"""Cf_Encore""","""Cf_Super""",0.067318594
"""Cf_50820H_Missouri""","""Cf_D9999-0569.001_Ohio""",0.067364466
"""Cf_D9999-0573.001_Ohio""","""Cf_Powell_Peach_(2)""",0.067381974
"""Cf_50820H_Missouri""","""Cf_Jaunita""",0.067402126
"""Cf_Appalachian_Joy""","""Cf_Kays_Appalachian_Mist""",0.067439978
"""Cf_ssp._urbiniana_Morris""","""Cf_Pluribracteata_Group""",0.067441546
"""Cf_Grovflor_Spring_Grove""","""Cf_rubra_H4A""",0.067456577
"""Cf_Appalachian_Joy""","""Cf_ssp._urbiniana_Morris""",0.067458176
"""Cf_Encore""","""Cf_White_Cloud""",0.067465661
"""Cf_Grovflor_Spring_Grove""","""Cf_Fastigiata""",0.067511117
"""Cf_Fastigiata""","""Cf_Jaunita""",0.067527576
"""Cf_Appalachian_Spring_Maryland""","""Cf_Fragrant_Cloud""",0.06753519
"""Cf_50847J_Missouri""","""Cf_Super_Princess""",0.06753842
"""Cf_66345P_Missouri""","""Cf_D9999-0569.001_Ohio""",0.067547724
"""Cf_Grovflor_Spring_Grove""","""Cf_66345P_Missouri""",0.067569379
"""Cf_Encore""","""Cf_Purple_Glory""",0.067578773
"""Cf_Appalachian_Joy""","""Cf_Purple_Glory""",0.067597456
"""Cf_321-51*68_Michigan""","""Cf_Fragrant_Cloud""",0.06760012
"""Cf_50847J_Missouri""","""Cf_D9999-0570.001_Ohio""",0.067611778
"""Cf_Pygmaea""","""Cf_Fragrant_Cloud""",0.067641682
"""Cf_Little_Princess""","""Cf_D9999-0573.001_Ohio""",0.06764587
"""Cf_Kays_Appalachian_Mist""","""Cf_ssp._urbiniana_SpringMeadow""",0.067659198
"""Cf_D9999-0569.001_Ohio""","""Cf_Purple_Glory""",0.067682592
"""Cf_White_Cloud""","""Cf_Powell_Peach_(2)""",0.067685278
"""Cf_Spring_Song""","""Cf_rubra_H4A""",0.067685297
"""Cf_D9999-0569.001_Ohio""","""Cf_321-51*85_Michigan""",0.067712523
"""Cf_Jeans_Appalachian_Snow""","""Cf_50847J_Missouri""",0.067716747
"""Cf_Appalachian_Joy""","""Cf_White_Cloud""",0.067734985
"""Cf_Jaunita""","""Cf_Super""",0.067739204
"""Cf_Kays_Appalachian_Mist""","""Cf_White_Cloud""",0.067739772
"""Cf_Little_Princess""","""Cf_Rainbow""",0.067742478
"""Cf_Fastigiata""","""Cf_Purple_Glory""",0.067759262
"""Cf_D9999-0573.001_Ohio""","""Cf_Super""",0.067777464
"""Cf_50820H_Missouri""","""Cf_66345L_Missouri""",0.067785235
"""Cf_Grovflor_Spring_Grove""","""Cf_ssp._urbiniana_SpringMeadow""",0.067789101
"""Cf_Karens_Appalachian_Blush""","""Cf_Red_Pygmy""",0.067808035
"""Cf_66345P_Missouri""","""Cf_White_Cloud""",0.067832821
"""Cf_Encore""","""Cf_ssp._urbiniana_SpringMeadow""",0.067849224
"""Cf_66345L_Missouri""","""Cf_D9999-0570.001_Ohio""",0.067861021
"""Cf_Super_Princess""","""Cf_Powell_Peach_(2)""",0.067879135
"""Cf_Appalachian_Joy""","""Cf_Grovflor_Spring_Grove""",0.067911255
"""Cf_Springtime""","""Cf_Powell_Peach_(2)""",0.067920735
"""Cf_D9999-0573.001_Ohio""","""Cf_White_Cloud""",0.067953357
"""Cf_Sweetwater_Red_USNA""","""Cf_Powell_Peach_(2)""",0.067972692
"""Cf_Little_Princess""","""Cf_Purple_Glory""",0.067974579
"""Cf_Fragrant_Cloud""","""Cf_Purple_Glory""",0.067982118
"""Cf_Super_Princess""","""Cf_Super""",0.067985866
"""Cf_Kays_Appalachian_Mist""","""Cf_Grovflor_Spring_Grove""",0.068013468
"""Cf_50820H_Missouri""","""Cf_Encore""",0.068016194
"""Cf_Jeans_Appalachian_Snow""","""Cf_66345P_Missouri""",0.068029939
"""Cf_Super_Princess""","""Cf_Dixie_Colonnade""",0.068040352
"""Cf_Appalachian_Joy""","""Cf_ssp._urbiniana_SpringMeadow""",0.068054325
"""Cf_Xanthocarpa""","""Cf_Jaunita""",0.06805649
"""Cf_D9999-0569.001_Ohio""","""Cf_ssp._urbiniana_Morris""",0.06812391
"""Cf_White_Cloud""","""Cf_Springtime""",0.068138971
"""Cf_White_Cloud""","""Cf_Jaunita""",0.068160472
"""Cf_Karens_Appalachian_Blush""","""Cf_Encore""",0.068197164
"""Cf_rubra_H4A""","""Cf_D9999-0569.001_Ohio""",0.068221418
"""Cf_D9999-0569.001_Ohio""","""Cf_Rainbow""",0.06824279
"""Cf_Fastigiata""","""Cf_D9999-0573.001_Ohio""",0.06826122
"""Cf_Xanthocarpa""","""Cf_Pluribracteata_Group""",0.068261692
"""Cf_Fragrant_Cloud""","""Cf_Pluribracteata_Group""",0.068267633
"""Cf_Jeans_Appalachian_Snow""","""Cf_Karens_Appalachian_Blush""",0.06829793
"""Cf_Pygmaea""","""Cf_Jaunita""",0.068302658
"""Cf_Encore""","""Cf_Dixie_Colonnade""",0.068304245
"""Cf_Super_Princess""","""Cf_Pluribracteata_Group""",0.068307859
"""Cf_rubra_H4A""","""Cf_D9999-0573.001_Ohio""",0.06833132
"""Cf_Encore""","""Cf_ssp._urbiniana_Morris""",0.068365696
"""Cf_White_Cloud""","""Cf_ssp._urbiniana_SpringMeadow""",0.068372298
"""Cf_Cherokee_Princess""","""Cf_Pluribracteata_Group""",0.068400379
"""Cf_Super_Princess""","""Cf_ssp._urbiniana_SpringMeadow""",0.068426486
"""Cf_Appalachian_Joy""","""Cf_Karens_Appalachian_Blush""",0.068439525
"""Cf_321-51*68_Michigan""","""Cf_Pluribracteata_Group""",0.068456012
"""Cf_Appalachian_Joy""","""Cf_50847J_Missouri""",0.068461643
"""Cf_H3G2R01P14""","""Cf_Jaunita""",0.068509777
"""Cf_Karens_Appalachian_Blush""","""Cf_White_Cloud""",0.068511553
"""Cf_White_Cloud""","""Cf_Purple_Glory""",0.068543956
"""Cf_H4AR15P35""","""Cf_Dixie_Colonnade""",0.068561119
"""Cf_H3G2R01P14""","""Cf_Purple_Glory""",0.068561181
"""Cf_White_Cloud""","""Cf_Super_Princess""",0.068581398
"""Cf_Grovflor_Spring_Grove""","""Cf_Pygmaea""",0.068607353
"""Cf_Pluribracteata_Group""","""Cf_ssp._urbiniana_SpringMeadow""",0.068612922
"""Cf_50847J_Missouri""","""Cf_Fastigiata""",0.068616878
"""Cf_Cherokee_Chief_(2)""","""Cf_Pluribracteata_Group""",0.068616878
"""Cf_66345L_Missouri""","""Cf_ssp._urbiniana_Morris""",0.068623509
"""Cf_Fastigiata""","""Cf_Encore""",0.068672423
"""Cf_rubra_H4A""","""Cf_Super_Princess""",0.068682796
"""Cf_Encore""","""Cf_Jaunita""",0.068728058
"""Cf_Grovflor_Spring_Grove""","""Cf_Dixie_Colonnade""",0.068743287
"""Cf_Karens_Appalachian_Blush""","""Cf_Pluribracteata_Group""",0.068750846
"""Cf_Karens_Appalachian_Blush""","""Cf_Super""",0.068833922
"""Cf_Cherokee_Princess""","""Cf_Fragrant_Cloud""",0.068861825
"""Cf_50820H_Missouri""","""Cf_Springtime""",0.068872384
"""Cf_rubra_H4A""","""Cf_White_Cloud""",0.068891569
"""Cf_Double_Pink""","""Cf_H3G2R01P14""",0.068913755
"""Cf_Jeans_Appalachian_Snow""","""Cf_Jaunita""",0.068942346
"""Cf_H4AR15P35""","""Cf_ssp._urbiniana_SpringMeadow""",0.068949631
"""Cf_Appalachian_Spring_Maryland""","""Cf_Super_Princess""",0.068960882
"""Cf_D9999-0570.001_Ohio""","""Cf_Super""",0.068970441
"""Cf_D9999-0573.001_Ohio""","""Cf_ssp._urbiniana_SpringMeadow""",0.069011183
"""Cf_Cherokee_Princess""","""Cf_Super_Princess""",0.0690213
"""Cf_Cloud_Nine""","""Cf_ssp._urbiniana_SpringMeadow""",0.06902182
"""Cf_66345P_Missouri""","""Cf_ssp._urbiniana_Morris""",0.0690301
"""Cf_439-71*6_Michigan""","""Cf_H4AR15P35""",0.069047619
"""Cf_First_Lady_(2)""","""Cf_Springtime""",0.069063387
"""Cf_First_Lady_(2)""","""Cf_H4AR15P35""",0.069071588
"""Cf_Appalachian_Spring_Maryland""","""Cf_Purple_Glory""",0.069098417
"""Cf_Rainbow""","""Cf_Jaunita""",0.069122099
"""Cf_Grovflor_Spring_Grove""","""Cf_50820H_Missouri""",0.069165431
"""Cf_66345L_Missouri""","""Cf_Fragrant_Cloud""",0.069203116
"""Cf_H4AR15P25""","""Cf_Powell_Peach_(2)""",0.069218593
"""Cf_66345L_Missouri""","""Cf_Super_Princess""",0.069243156
"""Cf_Encore""","""Cf_Rainbow""",0.069256757
"""Cf_Little_Princess""","""Cf_Powell_Peach_(2)""",0.069287046
"""Cf_Cloud_Nine""","""Cf_D9999-0569.001_Ohio""",0.069333694
"""Cf_Fastigiata""","""Cf_D9999-0569.001_Ohio""",0.06936804
"""Cf_Cherokee_Princess""","""Cf_Pygmaea""",0.069389428
"""Cf_66345L_Missouri""","""Cf_ssp._urbiniana_SpringMeadow""",0.069391355
"""Cf_Cherokee_Chief_(2)""","""Cf_H4AR15P35""",0.069407666
"""Cf_Karens_Appalachian_Blush""","""Cf_D9999-0569.001_Ohio""",0.069414608
"""Cf_Rainbow""","""Cf_Fragrant_Cloud""",0.06941739
"""Cf_Pygmaea""","""Cf_D9999-0570.001_Ohio""",0.069421488
"""Cf_321-51*85_Michigan""","""Cf_Fragrant_Cloud""",0.069446528
"""Cf_Jeans_Appalachian_Snow""","""Cf_ssp._urbiniana_SpringMeadow""",0.069452619
"""Cf_Little_Princess""","""Cf_439-71*6_Michigan""",0.069468847
"""Cf_Karens_Appalachian_Blush""","""Cf_Super_Princess""",0.069485591
"""Cf_rubra_H4A""","""Cf_Fragrant_Cloud""",0.069488219
"""Cf_D9999-0570.001_Ohio""","""Cf_White_Cloud""",0.069489685
"""Cf_Fastigiata""","""Cf_Springtime""",0.069491297
"""Cf_Appalachian_Spring_Maryland""","""Cf_Pygmaea""",0.069491756
"""Cf_50847J_Missouri""","""Cf_rubra_H4A""",0.069494949
"""Cf_D9999-0570.001_Ohio""","""Cf_ssp._urbiniana_Morris""",0.069495444
"""Cf_Pluribracteata_Group""","""Cf_Super""",0.069546742
"""Cf_Karens_Appalachian_Blush""","""Cf_H4AR15P28""",0.069551777
"""Cf_439-71*6_Michigan""","""Cf_Jaunita""",0.069560528
"""Cf_rubra_H4A""","""Cf_439-71*6_Michigan""",0.069610879
"""Cf_321-51*68_Michigan""","""Cf_Jaunita""",0.069616838
"""Cf_50847J_Missouri""","""Cf_66345L_Missouri""",0.069642377
"""Cf_50820H_Missouri""","""Cf_D9999-0573.001_Ohio""",0.069642377
"""Cf_First_Lady_(2)""","""Cf_Fragrant_Cloud""",0.069690598
"""Cf_Xanthocarpa""","""Cf_H4AR15P35""",0.069721951
"""Cf_Karens_Appalachian_Blush""","""Cf_Pygmaea""",0.069723018
"""Cf_Cherokee_Princess""","""Cf_Super""",0.06976086
"""Cf_Cherokee_Princess""","""Cf_66345L_Missouri""",0.069767442
"""Cf_Jeans_Appalachian_Snow""","""Cf_Purple_Glory""",0.069767442
"""Cf_Karens_Appalachian_Blush""","""Cf_D9999-0573.001_Ohio""",0.069795589
"""Cf_321-51*85_Michigan""","""Cf_Jaunita""",0.069795589
"""Cf_Grovflor_Spring_Grove""","""Cf_Purple_Glory""",0.069821995
"""Cf_Fastigiata""","""Cf_H4AR15P35""",0.069832402
"""Cf_Cherokee_Princess""","""Cf_50847J_Missouri""",0.069836553
"""Cf_Karens_Appalachian_Blush""","""Cf_50820H_Missouri""",0.069880167
"""Cf_Cloud_Nine""","""Cf_Fragrant_Cloud""",0.069897343
"""Cf_Appalachian_Joy""","""Cf_Pygmaea""",0.069904241
"""Cf_Super""","""Cf_ssp._urbiniana_SpringMeadow""",0.069922481
"""Cf_66345P_Missouri""","""Cf_ssp._urbiniana_SpringMeadow""",0.069931095
"""Cf_Fastigiata""","""Cf_D9999-0570.001_Ohio""",0.069931973
"""Cf_Pygmaea""","""Cf_66345L_Missouri""",0.070020394
"""Cf_66345P_Missouri""","""Cf_Fastigiata""",0.070022761
"""Cf_66345L_Missouri""","""Cf_Fastigiata""",0.070038911
"""Cf_Karens_Appalachian_Blush""","""Cf_ssp._urbiniana_Morris""",0.070073974
"""Cf_50820H_Missouri""","""Cf_Pluribracteata_Group""",0.070075758
"""Cf_Fragrant_Cloud""","""Cf_Powell_Peach_(2)""",0.07008761
"""Cf_D9999-0569.001_Ohio""","""Cf_Powell_Peach_(2)""",0.070112809
"""Cf_Cloud_Nine""","""Cf_ssp._urbiniana_Morris""",0.070113698
"""Cf_Kays_Appalachian_Mist""","""Cf_Appalachian_Spring_Maryland""",0.070142435
"""Cf_50820H_Missouri""","""Cf_Super_Princess""",0.070149455
"""Cf_rubra_H4A""","""Cf_Springtime""",0.070170722
"""Cf_First_Lady_(2)""","""Cf_Encore""",0.070260776
"""Cf_Cherokee_Princess""","""Cf_66345P_Missouri""",0.07027897
"""Cf_H3G2R01P14""","""Cf_Sweetwater_Red_USNA""",0.070280844
"""Cf_D9999-0573.001_Ohio""","""Cf_439-71*6_Michigan""",0.070284099
"""Cf_D9999-0573.001_Ohio""","""Cf_Rainbow""",0.07028754
"""Cf_Appalachian_Spring_Maryland""","""Cf_Xanthocarpa""",0.070295699
"""Cf_H3G2R01P14""","""Cf_66345L_Missouri""",0.070314601
"""Cf_50820H_Missouri""","""Cf_Powell_Peach_(2)""",0.070323689
"""Cf_White_Cloud""","""Cf_Rainbow""",0.070410729
"""Cf_Karens_Appalachian_Blush""","""Cf_Fragrant_Cloud""",0.07046274
"""Cf_H4AR15P35""","""Cf_Rainbow""",0.070476858
"""Cf_Little_Princess""","""Cf_321-51*68_Michigan""",0.070481602
"""Cf_Kays_Appalachian_Mist""","""Cf_50820H_Missouri""",0.070496435
"""Cf_Appalachian_Spring_Maryland""","""Cf_rubra_H4A""",0.070498187
"""Cf_Little_Princess""","""Cf_Super""",0.070558232
"""Cf_Cherokee_Princess""","""Cf_Cloud_Nine""",0.070565884
"""Cf_Encore""","""Cf_321-51*68_Michigan""",0.070588235
"""Cf_Fastigiata""","""Cf_Rainbow""",0.070588235
"""Cf_rubra_H4A""","""Cf_D9999-0570.001_Ohio""",0.070593036
"""Cf_H3G2R01P14""","""Cf_H4AR15P35""",0.070598123
"""Cf_Little_Princess""","""Cf_First_Lady_(2)""",0.070599352
"""Cf_Appalachian_Spring_Maryland""","""Cf_321-51*68_Michigan""",0.070619946
"""Cf_Cherokee_Princess""","""Cf_D9999-0570.001_Ohio""",0.070620314
"""Cf_Little_Princess""","""Cf_66345L_Missouri""",0.070640474
"""Cf_66345L_Missouri""","""Cf_Encore""",0.070659489
"""Cf_Appalachian_Joy""","""Cf_Rainbow""",0.070671378
"""Cf_Jeans_Appalachian_Snow""","""Cf_Appalachian_Spring_Maryland""",0.07071927
"""Cf_Appalachian_Spring_Maryland""","""Cf_Cherokee_Chief_(2)""",0.07075851
"""Cf_Appalachian_Joy""","""Cf_Cloud_Nine""",0.070759201
"""Cf_D9999-0569.001_Ohio""","""Cf_White_Cloud""",0.070797645
"""Cf_Appalachian_Joy""","""Cf_66345L_Missouri""",0.070803607
"""Cf_Cherokee_Princess""","""Cf_rubra_H4A""",0.070803607
"""Cf_Jeans_Appalachian_Snow""","""Cf_66345L_Missouri""",0.070902024
"""Cf_50820H_Missouri""","""Cf_50847J_Missouri""",0.070918161
"""Cf_First_Lady_(2)""","""Cf_D9999-0573.001_Ohio""",0.070947765
"""Cf_66345L_Missouri""","""Cf_Rainbow""",0.070949346
"""Cf_66345P_Missouri""","""Cf_321-51*68_Michigan""",0.07097813
"""Cf_Purple_Glory""","""Cf_Super""",0.070987211
"""Cf_Kays_Appalachian_Mist""","""Cf_Fastigiata""",0.071005917
"""Cf_Pygmaea""","""Cf_Super_Princess""",0.071048684
"""Cf_66345L_Missouri""","""Cf_D9999-0569.001_Ohio""",0.071055801
"""Cf_Kays_Appalachian_Mist""","""Cf_66345P_Missouri""",0.071074823
"""Cf_Appalachian_Spring_Maryland""","""Cf_ssp._urbiniana_SpringMeadow""",0.07109214
"""Cf_439-71*4_Michigan""","""Cf_Pluribracteata_Group""",0.071097794
"""Cf_Xanthocarpa""","""Cf_D9999-0569.001_Ohio""",0.071102764
"""Cf_Cloud_Nine""","""Cf_D9999-0570.001_Ohio""",0.071105631
"""Cf_Cherokee_Princess""","""Cf_ssp._urbiniana_Morris""",0.07112069
"""Cf_Pygmaea""","""Cf_White_Cloud""",0.071127431
"""Cf_50820H_Missouri""","""Cf_D9999-0570.001_Ohio""",0.071156463
"""Cf_50847J_Missouri""","""Cf_439-71*6_Michigan""",0.07116813
"""Cf_Comco_No1_Cherokee_Brave""","""Cf_66345P_Missouri""",0.071196974
"""Cf_First_Lady_(2)""","""Cf_Pluribracteata_Group""",0.071206173
"""Cf_50820H_Missouri""","""Cf_Purple_Glory""",0.071221931
"""Cf_50820H_Missouri""","""Cf_66345P_Missouri""",0.071227741
"""Cf_Encore""","""Cf_439-71*6_Michigan""",0.071245099
"""Cf_Jeans_Appalachian_Snow""","""Cf_rubra_H4A""",0.071256039
"""Cf_50847J_Missouri""","""Cf_White_Cloud""",0.071284465
"""Cf_439-71*6_Michigan""","""Cf_Super_Princess""",0.071293801
"""Cf_Cloud_Nine""","""Cf_Purple_Glory""",0.071339348
"""Cf_Cherokee_Princess""","""Cf_Appalachian_Spring_Maryland""",0.071370859
"""Cf_Cherokee_Princess""","""Cf_White_Cloud""",0.071390159
"""Cf_Xanthocarpa""","""Cf_Purple_Glory""",0.071418742
"""Cf_Grovflor_Spring_Grove""","""Cf_Powell_Peach_(2)""",0.071438818
"""Cf_Appalachian_Joy""","""Cf_Dixie_Colonnade""",0.071443896
"""Cf_Fastigiata""","""Cf_Super_Princess""",0.071457408
"""Cf_Appalachian_Spring_Maryland""","""Cf_White_Cloud""",0.071466881
"""Cf_ssp._urbiniana_SpringMeadow""","""Cf_Powell_Peach_(2)""",0.071494607
"""Cf_439-71*6_Michigan""","""Cf_ssp._urbiniana_Morris""",0.071515152
"""Cf_Kays_Appalachian_Mist""","""Cf_439-71*6_Michigan""",0.071544058
"""Cf_ssp._urbiniana_Morris""","""Cf_Purple_Glory""",0.071546505
"""Cf_Karens_Appalachian_Blush""","""Cf_Sweetwater_Red_USNA""",0.071548117
"""Cf_321-51*68_Michigan""","""Cf_H4AR15P35""",0.07158868
"""Cf_rubra_H4A""","""Cf_Encore""",0.071639785
"""Cf_Jeans_Appalachian_Snow""","""Cf_Dixie_Colonnade""",0.071657754
"""Cf_Little_Princess""","""Cf_50820H_Missouri""",0.071669591
"""Cf_First_Lady_(2)""","""Cf_Jaunita""",0.071678793
"""Cf_Cherokee_Princess""","""Cf_Rainbow""",0.071680376
"""Cf_50820H_Missouri""","""Cf_Rainbow""",0.071693033
"""Cf_Pygmaea""","""Cf_Purple_Glory""",0.071697587
"""Cf_66345L_Missouri""","""Cf_Super""",0.071730552
"""Cf_Kays_Appalachian_Mist""","""Cf_Dixie_Colonnade""",0.07176521
"""Cf_Little_Princess""","""Cf_50847J_Missouri""",0.071785859
"""Cf_White_Cloud""","""Cf_Dixie_Colonnade""",0.071794872
"""Cf_Grovflor_Spring_Grove""","""Cf_Sterling_Silver""",0.071803604
"""Cf_Cloud_Nine""","""Cf_Jaunita""",0.071825451
"""Cf_Appalachian_Spring_Maryland""","""Cf_Cloud_Nine""",0.071873308
"""Cf_66345P_Missouri""","""Cf_D9999-0570.001_Ohio""",0.071873308
"""Cf_Rainbow""","""Cf_Springtime""",0.071886601
"""Cf_66345P_Missouri""","""Cf_Super_Princess""",0.071906802
"""Cf_321-51*68_Michigan""","""Cf_Purple_Glory""",0.07192159
"""Cf_Dixie_Colonnade""","""Cf_Super""",0.071966342
"""Cf_50847J_Missouri""","""Cf_321-51*85_Michigan""",0.071967655
"""Cf_Comco_No1_Cherokee_Brave""","""Cf_Grovflor_Spring_Grove""",0.071972789
"""Cf_Pygmaea""","""Cf_ssp._urbiniana_SpringMeadow""",0.071994025
"""Cf_Appalachian_Joy""","""Cf_66345P_Missouri""",0.072004299
"""Cf_439-71*6_Michigan""","""Cf_Fragrant_Cloud""",0.072030075
"""Cf_White_Cloud""","""Cf_Super""",0.072032704
"""Cf_Pygmaea""","""Cf_ssp._urbiniana_Morris""",0.072061027
"""Cf_Fragrant_Cloud""","""Cf_Super""",0.072073499
"""Cf_Rainbow""","""Cf_Purple_Glory""",0.072106262
"""Cf_Cherokee_Chief_(2)""","""Cf_Springtime""",0.07212056
"""Cf_Dixie_Colonnade""","""Cf_Purple_Glory""",0.072129004
"""Cf_Little_Princess""","""Cf_Xanthocarpa""",0.072160777
"""Cf_Grovflor_Spring_Grove""","""Cf_Rainbow""",0.07216321
"""Cf_H4AR15P35""","""Cf_Sterling_Silver""",0.072184652
"""Cf_Appalachian_Spring_Maryland""","""Cf_50847J_Missouri""",0.072208002
"""Cf_Super_Princess""","""Cf_Rainbow""",0.072246548
"""Cf_Appalachian_Spring_Maryland""","""Cf_ssp._urbiniana_Morris""",0.072253559
"""Cf_Appalachian_Joy""","""Cf_rubra_H4A""",0.072266415
"""Cf_Appalachian_Joy""","""Cf_Appalachian_Spring_Maryland""",0.07227616
"""Cf_ssp._urbiniana_Morris""","""Cf_White_Cloud""",0.072290773
"""Cf_Cherokee_Chief_(2)""","""Cf_Little_Princess""",0.072360457
"""Cf_ssp._urbiniana_Morris""","""Cf_Dixie_Colonnade""",0.072364183
"""Cf_Karens_Appalachian_Blush""","""Cf_Appalachian_Spring_Maryland""",0.072370191
"""Cf_Appalachian_Spring_Maryland""","""Cf_First_Lady_(2)""",0.072389666
"""Cf_Cherokee_Princess""","""Cf_321-51*68_Michigan""",0.072393301
"""Cf_Pygmaea""","""Cf_Super""",0.072399485
"""Cf_Double_Pink""","""Cf_66345P_Missouri""",0.07240678
"""Cf_Kays_Appalachian_Mist""","""Cf_ssp._urbiniana_Morris""",0.072426767
"""Cf_50820H_Missouri""","""Cf_H4AR15P35""",0.072437421
"""Cf_439-71*6_Michigan""","""Cf_White_Cloud""",0.072465717
"""Cf_Cloud_Nine""","""Cf_Pluribracteata_Group""",0.072469691
"""Cf_66345L_Missouri""","""Cf_321-51*68_Michigan""",0.072475461
"""Cf_D9999-0569.001_Ohio""","""Cf_321-51*68_Michigan""",0.072485207
"""Cf_Appalachian_Spring_Maryland""","""Cf_Dixie_Colonnade""",0.072497861
"""Cf_Jeans_Appalachian_Snow""","""Cf_Cloud_Nine""",0.072501014
"""Cf_Cherokee_Chief_(2)""","""Cf_D9999-0569.001_Ohio""",0.072508361
"""Cf_rubra_H4A""","""Cf_ssp._urbiniana_Morris""",0.072512421
"""Cf_Fastigiata""","""Cf_ssp._urbiniana_SpringMeadow""",0.072512896
"""Cf_Cloud_Nine""","""Cf_Super""",0.072515285
"""Cf_Little_Princess""","""Cf_Fastigiata""",0.072584997
"""Cf_D9999-0573.001_Ohio""","""Cf_321-51*85_Michigan""",0.072627198
"""Cf_50820H_Missouri""","""Cf_321-51*68_Michigan""",0.072690492
"""Cf_321-51*68_Michigan""","""Cf_Super_Princess""",0.072690492
"""Cf_Appalachian_Spring_Maryland""","""Cf_50820H_Missouri""",0.072734606
"""Cf_50820H_Missouri""","""Cf_Fastigiata""",0.072744386
"""Cf_50847J_Missouri""","""Cf_Powell_Peach_(2)""",0.072750753
"""Cf_66345P_Missouri""","""Cf_321-51*85_Michigan""",0.072766185
"""Cf_Kays_Appalachian_Mist""","""Cf_Rainbow""",0.072773109
"""Cf_Xanthocarpa""","""Cf_D9999-0573.001_Ohio""",0.072800537
"""Cf_Appalachian_Spring_Maryland""","""Cf_Super""",0.072809369
"""Cf_First_Lady_(2)""","""Cf_ssp._urbiniana_Morris""",0.072812921
"""Cf_Grovflor_Spring_Grove""","""Cf_First_Lady_(2)""",0.072835177
"""Cf_Grovflor_Spring_Grove""","""Cf_321-51*85_Michigan""",0.072861953
"""Cf_Karens_Appalachian_Blush""","""Cf_Little_Princess""",0.07288433
"""Cf_Appalachian_Spring_Maryland""","""Cf_Powell_Peach_(2)""",0.072888381
"""Cf_Appalachian_Joy""","""Cf_Powell_Peach_(2)""",0.072904707
"""Cf_First_Lady_(2)""","""Cf_D9999-0569.001_Ohio""",0.072915268
"""Cf_D9999-0570.001_Ohio""","""Cf_ssp._urbiniana_SpringMeadow""",0.072919773
"""Cf_Rainbow""","""Cf_Powell_Peach_(2)""",0.072963605
"""Cf_Fastigiata""","""Cf_Fragrant_Cloud""",0.072983932
"""Cf_H4AR15P25""","""Cf_Kays_Appalachian_Mist""",0.073012439
"""Cf_66345L_Missouri""","""Cf_Xanthocarpa""",0.0730563
"""Cf_Jeans_Appalachian_Snow""","""Cf_50820H_Missouri""",0.073069174
"""Cf_50820H_Missouri""","""Cf_rubra_H4A""",0.07307899
"""Cf_Little_Princess""","""Cf_439-71*4_Michigan""",0.073087896
"""Cf_First_Lady_(2)""","""Cf_66345L_Missouri""",0.073088808
"""Cf_D9999-0569.001_Ohio""","""Cf_Super""",0.073098592
"""Cf_H3G2R01P14""","""Cf_White_Cloud""",0.07313794
"""Cf_50847J_Missouri""","""Cf_Super""",0.073146576
"""Cf_rubra_H4A""","""Cf_Dixie_Colonnade""",0.073160266
"""Cf_Red_Beauty""","""Cf_Sweetwater_Red_USNA""",0.073187797
"""Cf_Jeans_Appalachian_Snow""","""Cf_Rainbow""",0.073191204
"""Cf_Cherokee_Princess""","""Cf_50820H_Missouri""",0.073210193
"""Cf_66345P_Missouri""","""Cf_Super""",0.073215289
"""Cf_Grovflor_Spring_Grove""","""Cf_Cherokee_Chief_(2)""",0.073223163
"""Cf_Dixie_Colonnade""","""Cf_Springtime""",0.073228516
"""Cf_Cherokee_Chief_(2)""","""Cf_Super_Princess""",0.073229614
"""Cf_Fastigiata""","""Cf_ssp._urbiniana_Morris""",0.073242844
"""Cf_D9999-0569.001_Ohio""","""Cf_439-71*6_Michigan""",0.073262535
"""Cf_First_Lady_(2)""","""Cf_50847J_Missouri""",0.073279352
"""Cf_66345P_Missouri""","""Cf_Xanthocarpa""",0.073281626
"""Cf_D9999-0569.001_Ohio""","""Cf_Dixie_Colonnade""",0.073306262
"""Cf_Jaunita""","""Cf_Sterling_Silver""",0.073319179
"""Cf_50820H_Missouri""","""Cf_439-71*6_Michigan""",0.073345018
"""Cf_Cherokee_Princess""","""Cf_Cherokee_Chief_(2)""",0.073347663
"""Cf_50847J_Missouri""","""Cf_Dixie_Colonnade""",0.073359073
"""Cf_Comco_No1_Cherokee_Brave""","""Cf_Little_Princess""",0.073363278
"""Cf_Dixie_Colonnade""","""Cf_Jaunita""",0.073384681
"""Cf_Cherokee_Chief_(2)""","""Cf_D9999-0573.001_Ohio""",0.073419078
"""Cf_Appalachian_Joy""","""Cf_439-71*6_Michigan""",0.073447856
"""Cf_439-71*4_Michigan""","""Cf_ssp._urbiniana_Morris""",0.073477673
"""Cf_Cherokee_Chief_(2)""","""Cf_Super""",0.07347973
"""Cf_ssp._urbiniana_Morris""","""Cf_ssp._urbiniana_SpringMeadow""",0.073490427
"""Cf_Kays_Appalachian_Mist""","""Cf_321-51*85_Michigan""",0.073491872
"""Cf_50847J_Missouri""","""Cf_321-51*68_Michigan""",0.073523449
"""Cf_Encore""","""Cf_Sterling_Silver""",0.073543999
"""Cf_439-71*4_Michigan""","""Cf_Springtime""",0.073555404
"""Cf_D9999-0570.001_Ohio""","""Cf_Powell_Peach_(2)""",0.073591192
"""Cf_Comco_No1_Cherokee_Brave""","""Cf_H4AR15P35""",0.073593684
"""Cf_Jeans_Appalachian_Snow""","""Cf_439-71*6_Michigan""",0.073650195
"""Cf_Kays_Appalachian_Mist""","""Cf_First_Lady_(2)""",0.073660113
"""Cf_Karens_Appalachian_Blush""","""Cf_50847J_Missouri""",0.073684211
"""Cf_D9999-0573.001_Ohio""","""Cf_321-51*68_Michigan""",0.073689883
"""Cf_Comco_No1_Cherokee_Brave""","""Cf_Red_Pygmy""",0.073691366
"""Cf_First_Lady_(2)""","""Cf_Super""",0.073691655
"""Cf_439-71*6_Michigan""","""Cf_Pluribracteata_Group""",0.073692766
"""Cf_Cherokee_Chief_(2)""","""Cf_White_Cloud""",0.073702515
"""Cf_50847J_Missouri""","""Cf_Purple_Glory""",0.073706004
"""Cf_Appalachian_Joy""","""Cf_Super""",0.07371704
"""Cf_Grovflor_Spring_Grove""","""Cf_Xanthocarpa""",0.073719677
"""Cf_Kays_Appalachian_Mist""","""Cf_Cherokee_Chief_(2)""",0.073726542
"""Cf_Cherokee_Princess""","""Cf_Dixie_Colonnade""",0.073756432
"""Cf_Cherokee_Chief_(2)""","""Cf_ssp._urbiniana_SpringMeadow""",0.073758448
"""Cf_Karens_Appalachian_Blush""","""Cf_Cloud_Nine""",0.07387827
"""Cf_Jeans_Appalachian_Snow""","""Cf_Powell_Peach_(2)""",0.073920503
"""Cf_Karens_Appalachian_Blush""","""Cf_439-71*6_Michigan""",0.073924187
"""Cf_White_Cloud""","""Cf_Pluribracteata_Group""",0.073924187
"""Cf_Comco_No1_Cherokee_Brave""","""Cf_D9999-0570.001_Ohio""",0.073926759
"""Cf_50847J_Missouri""","""Cf_Xanthocarpa""",0.073929437
"""Cf_Appalachian_Joy""","""Cf_Fastigiata""",0.073964098
"""Cf_50820H_Missouri""","""Cf_Xanthocarpa""",0.073964497
"""Cf_Karens_Appalachian_Blush""","""Cf_D9999-0570.001_Ohio""",0.073968124
"""Cf_321-51*85_Michigan""","""Cf_H4AR15P35""",0.073991344
"""Cf_321-51*68_Michigan""","""Cf_Rainbow""",0.074017872
"""Cf_66345J_Missouri""","""Cf_H4AR15P35""",0.074042911
"""Cf_D9999-0570.001_Ohio""","""Cf_439-71*6_Michigan""",0.07404882
"""Cf_rubra_H4A""","""Cf_ssp._urbiniana_SpringMeadow""",0.074057715
"""Cf_Comco_No1_Cherokee_Brave""","""Cf_Appalachian_Joy""",0.074074074
"""Cf_Appalachian_Joy""","""Cf_Pluribracteata_Group""",0.074094178
"""Cf_Kays_Appalachian_Mist""","""Cf_66345L_Missouri""",0.074178404
"""Cf_Cherokee_Chief_(2)""","""Cf_50820H_Missouri""",0.074198309
"""Cf_50820H_Missouri""","""Cf_ssp._urbiniana_SpringMeadow""",0.074199734
"""Cf_Cherokee_Princess""","""Cf_Powell_Peach_(2)""",0.074222668
"""Cf_50847J_Missouri""","""Cf_ssp._urbiniana_Morris""",0.07423875
"""Cf_66345P_Missouri""","""Cf_Rainbow""",0.07425991
"""Cf_D9999-0570.001_Ohio""","""Cf_Rainbow""",0.074263328
"""Cf_Grovflor_Spring_Grove""","""Cf_439-71*4_Michigan""",0.074280282
"""Cf_Super""","""Cf_Powell_Peach_(2)""",0.074335486
"""Cf_Encore""","""Cf_439-71*4_Michigan""",0.074340853
"""Cf_Xanthocarpa""","""Cf_Springtime""",0.074358974
"""Cf_Pygmaea""","""Cf_D9999-0569.001_Ohio""",0.074381289
"""Cf_Appalachian_Spring_Maryland""","""Cf_321-51*85_Michigan""",0.074402364
"""Cf_Comco_No1_Cherokee_Brave""","""Cf_Super_Princess""",0.074416078
"""Cf_Pygmaea""","""Cf_50847J_Missouri""",0.074443382
"""Cf_321-51*85_Michigan""","""Cf_Pluribracteata_Group""",0.074449399
"""Cf_Encore""","""Cf_321-51*85_Michigan""",0.074453736
"""Cf_Super_Princess""","""Cf_Sterling_Silver""",0.074462061
"""Cf_Xanthocarpa""","""Cf_321-51*68_Michigan""",0.074468085
"""Cf_First_Lady_(2)""","""Cf_Super_Princess""",0.074488147
"""Cf_Pluribracteata_Group""","""Cf_Powell_Peach_(2)""",0.074510932
"""Cf_Comco_No1_Cherokee_Brave""","""Cf_Pluribracteata_Group""",0.074539249
"""Cf_Little_Princess""","""Cf_321-51*85_Michigan""",0.074568501
"""Cf_Karens_Appalachian_Blush""","""Cf_Fastigiata""",0.074572621
"""Cf_Cherokee_Chief_(2)""","""Cf_ssp._urbiniana_Morris""",0.074634865
"""Cf_321-51*85_Michigan""","""Cf_ssp._urbiniana_SpringMeadow""",0.07466863
"""Cf_66345P_Missouri""","""Cf_Sterling_Silver""",0.074668921
"""Cf_Little_Princess""","""Cf_Sterling_Silver""",0.074694689
"""Cf_D9999-0570.001_Ohio""","""Cf_321-51*68_Michigan""",0.07473067
"""Cf_Comco_No1_Cherokee_Brave""","""Cf_Appalachian_Spring_Maryland""",0.074732131
"""Cf_Appalachian_Joy""","""Cf_Xanthocarpa""",0.074743659
"""Cf_Pygmaea""","""Cf_439-71*6_Michigan""",0.074757414
"""Cf_439-71*4_Michigan""","""Cf_Purple_Glory""",0.07476118
"""Cf_321-51*68_Michigan""","""Cf_White_Cloud""",0.074801561
"""Cf_Cloud_Nine""","""Cf_Dixie_Colonnade""",0.074822619
"""Cf_D9999-0569.001_Ohio""","""Cf_439-71*4_Michigan""",0.074834527
"""Cf_Grovflor_Spring_Grove""","""Cf_321-51*68_Michigan""",0.074854749
"""Cf_66345J_Missouri""","""Cf_Encore""",0.074881517
"""Cf_Little_Princess""","""Cf_66345J_Missouri""",0.074891658
"""Cf_Pygmaea""","""Cf_rubra_H4A""",0.074911468
"""Cf_Comco_No1_Cherokee_Brave""","""Cf_Springtime""",0.074921673
"""Cf_Kays_Appalachian_Mist""","""Cf_Super""",0.074925921
"""Cf_439-71*6_Michigan""","""Cf_Powell_Peach_(2)""",0.075014343
"""Cf_Pygmaea""","""Cf_50820H_Missouri""",0.075023871
"""Cf_Pygmaea""","""Cf_Dixie_Colonnade""",0.075027027
"""Cf_50820H_Missouri""","""Cf_ssp._urbiniana_Morris""",0.075030254
"""Cf_Cherokee_Princess""","""Cf_439-71*6_Michigan""",0.075064129
"""Cf_Cherokee_Chief_(2)""","""Cf_Fastigiata""",0.075077088
"""Cf_Appalachian_Spring_Maryland""","""Cf_Pluribracheata_(2)""",0.075090836
"""Cf_Cloud_Nine""","""Cf_50847J_Missouri""",0.075095057
"""Cf_Xanthocarpa""","""Cf_321-51*85_Michigan""",0.075104125
"""Cf_50820H_Missouri""","""Cf_321-51*85_Michigan""",0.075164717
"""Cf_Grovflor_Spring_Grove""","""Cf_439-71*6_Michigan""",0.075219446
"""Cf_66345P_Missouri""","""Cf_439-71*6_Michigan""",0.075241416
"""Cf_Pygmaea""","""Cf_66345P_Missouri""",0.075274651
"""Cf_Karens_Appalachian_Blush""","""Cf_Rainbow""",0.075294118
"""Cf_50847J_Missouri""","""Cf_439-71*4_Michigan""",0.075335958
"""Cf_66345L_Missouri""","""Cf_Sterling_Silver""",0.075381141
"""Cf_Cherokee_Princess""","""Cf_Fastigiata""",0.075400566
"""Cf_Pluribracteata_Group""","""Cf_Sterling_Silver""",0.07544484
"""Cf_50820H_Missouri""","""Cf_White_Cloud""",0.075446369
"""Cf_Comco_No1_Cherokee_Brave""","""Cf_ssp._urbiniana_SpringMeadow""",0.07546889
"""Cf_Appalachian_Joy""","""Cf_50820H_Missouri""",0.075479341
"""Cf_First_Lady_(2)""","""Cf_Pygmaea""",0.075494881
"""Cf_Comco_No1_Cherokee_Brave""","""Cf_D9999-0573.001_Ohio""",0.075545911
"""Cf_Fastigiata""","""Cf_439-71*6_Michigan""",0.075565733
"""Cf_rubra_H4A""","""Cf_Xanthocarpa""",0.075621222
"""Cf_Pygmaea""","""Cf_Powell_Peach_(2)""",0.075627812
"""Cf_Jeans_Appalachian_Snow""","""Cf_Sterling_Silver""",0.075629064
"""Cf_Fastigiata""","""Cf_White_Cloud""",0.075643777
"""Cf_Xanthocarpa_Rutgers""","""Cf_Jaunita""",0.075645009
"""Cf_321-51*68_Michigan""","""Cf_ssp._urbiniana_SpringMeadow""",0.075650118
"""Cf_Appalachian_Spring_Maryland""","""Cf_Rainbow""",0.075658447
"""Cf_66345J_Missouri""","""Cf_D9999-0573.001_Ohio""",0.075688073
"""Cf_Cherokee_Chief_(2)""","""Cf_D9999-0570.001_Ohio""",0.075702076
"""Cf_D9999-0573.001_Ohio""","""Cf_Dixie_Colonnade""",0.075718576
"""Cf_D9999-0573.001_Ohio""","""Cf_Sterling_Silver""",0.075791855
"""Cf_rubra_H4A""","""Cf_Super""",0.075793931
"""Cf_Xanthocarpa""","""Cf_Fragrant_Cloud""",0.075803062
"""Cf_50847J_Missouri""","""Cf_Rainbow""",0.075821398
"""Cf_D9999-0570.001_Ohio""","""Cf_Dixie_Colonnade""",0.075826312
"""Cf_Xanthocarpa""","""Cf_ssp._urbiniana_Morris""",0.075900054
"""Cf_Dixie_Colonnade""","""Cf_Powell_Peach_(2)""",0.075907591
"""Cf_Cherokee_Chief_(2)""","""Cf_Fragrant_Cloud""",0.075920934
"""Cf_rubra_H4A""","""Cf_439-71*4_Michigan""",0.075933947
"""Cf_D9999-0573.001_Ohio""","""Cf_439-71*4_Michigan""",0.075954509
"""Cf_Cloud_Nine""","""Cf_Rainbow""",0.075960074
"""Cf_First_Lady_(2)""","""Cf_Dixie_Colonnade""",0.07598197
"""Cf_66345J_Missouri""","""Cf_Springtime""",0.075995665
"""Cf_Fastigiata""","""Cf_Super""",0.075999435
"""Cf_66345L_Missouri""","""Cf_321-51*85_Michigan""",0.076005362
"""Cf_ssp._urbiniana_Morris""","""Cf_Powell_Peach_(2)""",0.076054325
"""Cf_Appalachian_Spring_Maryland""","""Cf_439-71*6_Michigan""",0.076084029
"""Cf_Karens_Appalachian_Blush""","""Cf_321-51*68_Michigan""",0.076123633
"""Cf_Cherokee_Chief_(2)""","""Cf_Encore""",0.076146912
"""Cf_66345L_Missouri""","""Cf_439-71*6_Michigan""",0.07617896
"""Cf_First_Lady_(2)""","""Cf_D9999-0570.001_Ohio""",0.076189178
"""Cf_Pluribracheata_(2)""","""Cf_D9999-0569.001_Ohio""",0.076189196
"""Cf_rubra_H4A""","""Cf_Rainbow""",0.076264069
"""Cf_Springtime""","""Cf_Sterling_Silver""",0.076313181
"""Cf_First_Lady_(2)""","""Cf_Cloud_Nine""",0.076318287
"""Cf_Cherokee_Princess""","""Cf_Sterling_Silver""",0.076378064
"""Cf_439-71*4_Michigan""","""Cf_Super_Princess""",0.076422764
"""Cf_321-51*68_Michigan""","""Cf_Super""",0.076454764
"""Cf_Appalachian_Joy""","""Cf_First_Lady_(2)""",0.076476152
"""Cf_Comco_No1_Cherokee_Brave""","""Cf_Fragrant_Cloud""",0.076480388
"""Cf_Comco_No1_Cherokee_Brave""","""Cf_D9999-0569.001_Ohio""",0.076516793
"""Cf_321-51*85_Michigan""","""Cf_Super_Princess""",0.076529926
"""Cf_Kays_Appalachian_Mist""","""Cf_321-51*68_Michigan""",0.076560183
"""Cf_Appalachian_Joy""","""Cf_321-51*68_Michigan""",0.076579624
"""Cf_Comco_No1_Cherokee_Brave""","""Cf_Encore""",0.076692549
"""Cf_439-71*4_Michigan""","""Cf_H4AR15P35""",0.076771376
"""Cf_Encore""","""Cf_Powell_Peach_(2)""",0.076790584
"""Cf_439-71*6_Michigan""","""Cf_Dixie_Colonnade""",0.076790708
"""Cf_439-71*4_Michigan""","""Cf_Jaunita""",0.076829268
"""Cf_Dixie_Colonnade""","""Cf_ssp._urbiniana_SpringMeadow""",0.076837168
"""Cf_Cloud_Nine""","""Cf_50820H_Missouri""",0.076850095
"""Cf_66345L_Missouri""","""Cf_439-71*4_Michigan""",0.076891892
"""Cf_321-51*85_Michigan""","""Cf_Springtime""",0.076902321
"""Cf_ssp._urbiniana_Morris""","""Cf_Super""",0.076912221
"""Cf_Cherokee_Chief_(2)""","""Cf_321-51*85_Michigan""",0.076933387
"""Cf_Comco_No1_Cherokee_Brave""","""Cf_Cherokee_Princess""",0.076943991
"""Cf_Jeans_Appalachian_Snow""","""Cf_First_Lady_(2)""",0.076964478
"""Cf_Karens_Appalachian_Blush""","""Cf_Dixie_Colonnade""",0.076989063
"""Cf_rubra_H4A""","""Cf_321-51*68_Michigan""",0.077005924
"""Cf_Jeans_Appalachian_Snow""","""Cf_Cherokee_Chief_(2)""",0.077026122
"""Cf_Spring_Song""","""Cf_Pluribracteata_Group""",0.07706843
"""Cf_Cherokee_Chief_(2)""","""Cf_Rainbow""",0.077077748
"""Cf_rubra_H4A""","""Cf_Fastigiata""",0.077098724
"""Cf_50820H_Missouri""","""Cf_Super""",0.077118644
"""Cf_Cloud_Nine""","""Cf_rubra_H4A""",0.077131258
"""Cf_D9999-0570.001_Ohio""","""Cf_439-71*4_Michigan""",0.077144423
"""Cf_Cloud_Nine""","""Cf_439-71*6_Michigan""",0.077225841
"""Cf_Comco_No1_Cherokee_Brave""","""Cf_Rainbow""",0.077235772
"""Cf_Appalachian_Joy""","""Cf_Sterling_Silver""",0.077261753
"""Cf_Pluribracheata_(2)""","""Cf_Encore""",0.077297297
"""Cf_Comco_No1_Cherokee_Brave""","""Cf_White_Cloud""",0.077339835
"""Cf_Xanthocarpa""","""Cf_D9999-0570.001_Ohio""",0.077341308
"""Cf_321-51*68_Michigan""","""Cf_Springtime""",0.077370486
"""Cf_66345P_Missouri""","""Cf_439-71*4_Michigan""",0.077379348
"""Cf_Pluribracheata_(2)""","""Cf_Fragrant_Cloud""",0.077443609
"""Cf_Xanthocarpa""","""Cf_Super_Princess""",0.077471419
"""Cf_First_Lady_(2)""","""Cf_rubra_H4A""",0.077492264
"""Cf_Appalachian_Joy""","""Cf_Cherokee_Chief_(2)""",0.077513121
"""Cf_Sterling_Silver""","""Cf_Super""",0.077518226
"""Cf_Fastigiata""","""Cf_321-51*68_Michigan""",0.077524606
"""Cf_Dixie_Colonnade""","""Cf_Pluribracteata_Group""",0.077601032
"""Cf_321-51*85_Michigan""","""Cf_Purple_Glory""",0.077611119
"""Cf_50847J_Missouri""","""Cf_Xanthocarpa_Rutgers""",0.077651515
"""Cf_Comco_No1_Cherokee_Brave""","""Cf_Jeans_Appalachian_Snow""",0.077673851
"""Cf_Cherokee_Chief_(2)""","""Cf_Pygmaea""",0.077749083
"""Cf_439-71*6_Michigan""","""Cf_ssp._urbiniana_SpringMeadow""",0.077785978
"""Cf_66345P_Missouri""","""Cf_Dixie_Colonnade""",0.07780857
"""Cf_Purple_Glory""","""Cf_Sterling_Silver""",0.077837368
"""Cf_Dixie_Colonnade""","""Cf_Rainbow""",0.077844311
"""Cf_Appalachian_Joy""","""Cf_439-71*4_Michigan""",0.077874422
"""Cf_Encore""","""Cf_H4AR15P28""",0.077898296
"""Cf_Rainbow""","""Cf_Super""",0.077919773
"""Cf_D9999-0570.001_Ohio""","""Cf_321-51*85_Michigan""",0.077937976
"""Cf_Cloud_Nine""","""Cf_66345L_Missouri""",0.077962438
"""Cf_66345J_Missouri""","""Cf_White_Cloud""",0.077990302
"""Cf_66345J_Missouri""","""Cf_ssp._urbiniana_SpringMeadow""",0.077993192
"""Cf_Pluribracheata_(2)""","""Cf_66345P_Missouri""",0.078005629
"""Cf_Karens_Appalachian_Blush""","""Cf_Sterling_Silver""",0.078034273
"""Cf_Red_Pygmy""","""Cf_Sweetwater_Red_USNA""",0.07809444
"""Cf_321-51*85_Michigan""","""Cf_Powell_Peach_(2)""",0.078111588
"""Cf_66345J_Missouri""","""Cf_Super_Princess""",0.078211536
"""Cf_Cherokee_Princess""","""Cf_321-51*85_Michigan""",0.078217555
"""Cf_Appalachian_Spring_Maryland""","""Cf_439-71*4_Michigan""",0.078245567
"""Cf_Xanthocarpa""","""Cf_Encore""",0.078251484
"""Cf_D9999-0573.001_Ohio""","""Cf_H4AR15P28""",0.07826087
"""Cf_439-71*6_Michigan""","""Cf_Super""",0.078273178
"""Cf_Cherokee_Chief_(2)""","""Cf_Xanthocarpa""",0.078284182
"""Cf_Pluribracheata_(2)""","""Cf_H4AR15P35""",0.078321678
"""Cf_Kays_Appalachian_Mist""","""Cf_Pluribracheata_(2)""",0.078373283
"""Cf_Spring_Song""","""Cf_D9999-0570.001_Ohio""",0.078386089
"""Cf_H3G2R01P14""","""Cf_Powell_Peach_(2)""",0.07839196
"""Cf_First_Lady_(2)""","""Cf_321-51*68_Michigan""",0.0784605
"""Cf_439-71*6_Michigan""","""Cf_Purple_Glory""",0.078504415
"""Cf_Pluribracheata_(2)""","""Cf_Jaunita""",0.078550256
"""Cf_439-71*4_Michigan""","""Cf_Fragrant_Cloud""",0.078588734
"""Cf_Comco_No1_Cherokee_Brave""","""Cf_439-71*6_Michigan""",0.078607371
"""Cf_Comco_No1_Cherokee_Brave""","""Cf_50820H_Missouri""",0.078636425
"""Cf_Xanthocarpa""","""Cf_Rainbow""",0.078668684
"""Cf_Xanthocarpa""","""Cf_ssp._urbiniana_SpringMeadow""",0.078703021
"""Cf_Jeans_Appalachian_Snow""","""Cf_Fastigiata""",0.078710544
"""Cf_Pluribracheata_(2)""","""Cf_Springtime""",0.078794432
"""Cf_Pluribracheata_(2)""","""Cf_Pluribracteata_Group""",0.078922431
"""Cf_First_Lady_(2)""","""Cf_66345P_Missouri""",0.078933262
"""Cf_Red_Beauty""","""Cf_Pluribracteata_Group""",0.078950944
"""Cf_439-71*4_Michigan""","""Cf_ssp._urbiniana_SpringMeadow""",0.07895518
"""Cf_Cherokee_Princess""","""Cf_Xanthocarpa""",0.079057239
"""Cf_Xanthocarpa""","""Cf_Fastigiata""",0.079064139
"""Cf_Spring_Song""","""Cf_Fragrant_Cloud""",0.079089275
"""Cf_H4AR15P28""","""Cf_Pluribracteata_Group""",0.079096045
"""Cf_Red_Pygmy""","""Cf_H4AR15P35""",0.079098418
"""Cf_Pygmaea""","""Cf_439-71*4_Michigan""",0.079120879
"""Cf_D9999-0570.001_Ohio""","""Cf_H4AR15P28""",0.079130558
"""Cf_Cloud_Nine""","""Cf_66345P_Missouri""",0.079131841
"""Cf_439-71*6_Michigan""","""Cf_Rainbow""",0.079137902
"""Cf_Pluribracheata_(2)""","""Cf_Rainbow""",0.079164561
"""Cf_Jeans_Appalachian_Snow""","""Cf_321-51*68_Michigan""",0.079170594
"""Cf_Jeans_Appalachian_Snow""","""Cf_Xanthocarpa""",0.079237174
"""Cf_Cherokee_Princess""","""Cf_66345J_Missouri""",0.079242732
"""Cf_66345J_Missouri""","""Cf_D9999-0569.001_Ohio""",0.079315917
"""Cf_Comco_No1_Cherokee_Brave""","""Cf_Pygmaea""",0.079345435
"""Cf_Kays_Appalachian_Mist""","""Cf_66345J_Missouri""",0.079352227
"""Cf_ssp._urbiniana_Morris""","""Cf_Rainbow""",0.079367748
"""Cf_H4AR15P28""","""Cf_Springtime""",0.079374031
"""Cf_Kays_Appalachian_Mist""","""Cf_Xanthocarpa""",0.079435484
"""Cf_Jeans_Appalachian_Snow""","""Cf_321-51*85_Michigan""",0.079463087
"""Cf_321-51*85_Michigan""","""Cf_Rainbow""",0.079522529
"""Cf_66345L_Missouri""","""Cf_Dixie_Colonnade""",0.079538165
"""Cf_Cherokee_Chief_(2)""","""Cf_50847J_Missouri""",0.079580589
"""Cf_Kays_Appalachian_Mist""","""Cf_Spring_Song""",0.079597315
"""Cf_Spring_Song""","""Cf_D9999-0573.001_Ohio""",0.079667382
"""Cf_D9999-0570.001_Ohio""","""Cf_Sterling_Silver""",0.079667574
"""Cf_Pygmaea""","""Cf_321-51*68_Michigan""",0.079688354
"""Cf_Red_Beauty""","""Cf_D9999-0570.001_Ohio""",0.079699248
"""Cf_Comco_No1_Cherokee_Brave""","""Cf_321-51*85_Michigan""",0.079761259
"""Cf_Appalachian_Spring_Maryland""","""Cf_Sterling_Silver""",0.079813533
"""Cf_Comco_No1_Cherokee_Brave""","""Cf_Super""",0.079863092
"""Cf_Karens_Appalachian_Blush""","""Cf_321-51*85_Michigan""",0.079903148
"""Cf_Cherokee_Princess""","""Cf_439-71*4_Michigan""",0.079918589
"""Cf_Jeans_Appalachian_Snow""","""Cf_439-71*4_Michigan""",0.079940484
"""Cf_Appalachian_Joy""","""Cf_Pluribracheata_(2)""",0.07995678
"""Cf_First_Lady_(2)""","""Cf_Fastigiata""",0.079978457
"""Cf_Xanthocarpa""","""Cf_Powell_Peach_(2)""",0.07998283
"""Cf_Cloud_Nine""","""Cf_321-51*85_Michigan""",0.080005415
"""Cf_321-51*85_Michigan""","""Cf_White_Cloud""",0.08002681
"""Cf_321-51*85_Michigan""","""Cf_ssp._urbiniana_Morris""",0.080053727
"""Cf_Cherokee_Chief_(2)""","""Cf_439-71*6_Michigan""",0.080085998
"""Cf_Comco_No1_Cherokee_Brave""","""Cf_Dixie_Colonnade""",0.080155139
"""Cf_First_Lady_(2)""","""Cf_ssp._urbiniana_SpringMeadow""",0.080159433
"""Cf_Cloud_Nine""","""Cf_Fastigiata""",0.080184207
"""Cf_Karens_Appalachian_Blush""","""Cf_First_Lady_(2)""",0.080188679
"""Cf_Karens_Appalachian_Blush""","""Cf_Xanthocarpa""",0.080193757
"""Cf_Pluribracheata_(2)""","""Cf_rubra_H4A""",0.080204549
"""Cf_Comco_No1_Cherokee_Brave""","""Cf_Xanthocarpa""",0.080211726
"""Cf_Cherokee_Princess""","""Cf_First_Lady_(2)""",0.0802644
"""Cf_Pygmaea""","""Cf_Xanthocarpa""",0.080299932
"""Cf_Appalachian_Joy""","""Cf_66345J_Missouri""",0.080330534
"""Cf_First_Lady_(2)""","""Cf_Purple_Glory""",0.080347299
"""Cf_First_Lady_(2)""","""Cf_Powell_Peach_(2)""",0.080384009
"""Cf_Karens_Appalachian_Blush""","""Cf_H3G2R01P14""",0.080399299
"""Cf_Pluribracheata_(2)""","""Cf_Cherokee_Chief_(2)""",0.080413478
"""Cf_D9999-0569.001_Ohio""","""Cf_H4AR15P28""",0.080448493
"""Cf_321-51*68_Michigan""","""Cf_Powell_Peach_(2)""",0.080487805
"""Cf_Fastigiata""","""Cf_321-51*85_Michigan""",0.080521575
"""Cf_Appalachian_Joy""","""Cf_321-51*85_Michigan""",0.080534197
"""Cf_Kays_Appalachian_Mist""","""Cf_Red_Beauty""",0.080540541
"""Cf_Pluribracheata_(2)""","""Cf_Purple_Glory""",0.080540615
"""Cf_Cloud_Nine""","""Cf_Xanthocarpa""",0.080736928
"""Cf_D9999-0569.001_Ohio""","""Cf_Sterling_Silver""",0.080768145
"""Cf_Little_Princess""","""Cf_Red_Beauty""",0.080802603
"""Cf_Grovflor_Spring_Grove""","""Cf_Pluribracheata_(2)""",0.080825799
"""Cf_Cloud_Nine""","""Cf_66345J_Missouri""",0.080897349
"""Cf_66345J_Missouri""","""Cf_D9999-0570.001_Ohio""",0.080911448
"""Cf_Cherokee_Chief_(2)""","""Cf_321-51*68_Michigan""",0.080924855
"""Cf_Comco_No1_Cherokee_Brave""","""Cf_50847J_Missouri""",0.080963396
"""Cf_Xanthocarpa_Rutgers""","""Cf_321-51*68_Michigan""",0.080967829
"""Cf_Pluribracheata_(2)""","""Cf_66345L_Missouri""",0.080972204
"""Cf_First_Lady_(2)""","""Cf_439-71*4_Michigan""",0.081004071
"""Cf_First_Lady_(2)""","""Cf_Rainbow""",0.081017349
"""Cf_Red_Beauty""","""Cf_D9999-0573.001_Ohio""",0.081059173
"""Cf_Fastigiata""","""Cf_Powell_Peach_(2)""",0.081092677
"""Cf_66345J_Missouri""","""Cf_Fragrant_Cloud""",0.081097377
"""Cf_Red_Beauty""","""Cf_Springtime""",0.081106741
"""Cf_Grovflor_Spring_Grove""","""Cf_66345J_Missouri""",0.081157852
"""Cf_50847J_Missouri""","""Cf_66345J_Missouri""",0.081190798
"""Cf_Pluribracheata_(2)""","""Cf_D9999-0570.001_Ohio""",0.081221041
"""Cf_321-51*68_Michigan""","""Cf_ssp._urbiniana_Morris""",0.081234002
"""Cf_Kays_Appalachian_Mist""","""Cf_439-71*4_Michigan""",0.081245768
"""Cf_Sterling_Silver""","""Cf_ssp._urbiniana_SpringMeadow""",0.081311976
"""Cf_Spring_Song""","""Cf_H4AR15P35""",0.08132236
"""Cf_Appalachian_Spring_Maryland""","""Cf_H4AR15P28""",0.081403509
"""Cf_Comco_No1_Cherokee_Brave""","""Cf_ssp._urbiniana_Morris""",0.081502577
"""Cf_Jeans_Appalachian_Snow""","""Cf_Pluribracheata_(2)""",0.08152832
"""Cf_Pluribracheata_(2)""","""Cf_50847J_Missouri""",0.081533477
"""Cf_50820H_Missouri""","""Cf_Dixie_Colonnade""",0.081545064
"""Cf_H4AR15P28""","""Cf_Super""",0.081563422
"""Cf_Spring_Song""","""Cf_D9999-0569.001_Ohio""",0.081569783
"""Cf_66345J_Missouri""","""Cf_Jaunita""",0.081577526
"""Cf_Little_Princess""","""Cf_H4AR15P28""",0.081583768
"""Cf_Cloud_Nine""","""Cf_439-71*4_Michigan""",0.081593669
"""Cf_50820H_Missouri""","""Cf_439-71*4_Michigan""",0.081593928
"""Cf_ssp._urbiniana_Morris""","""Cf_Sterling_Silver""",0.081600905
"""Cf_Fastigiata""","""Cf_439-71*4_Michigan""",0.081618841
"""Cf_rubra_H4A""","""Cf_321-51*85_Michigan""",0.081632653
"""Cf_Kays_Appalachian_Mist""","""Cf_Sterling_Silver""",0.081670205
"""Cf_Pluribracheata_(2)""","""Cf_Powell_Peach_(2)""",0.081673592
"""Cf_Karens_Appalachian_Blush""","""Cf_439-71*4_Michigan""",0.081751627
"""Cf_Spring_Song""","""Cf_Springtime""",0.081772868
"""Cf_Pluribracheata_(2)""","""Cf_Super""",0.081788595
"""Cf_Cloud_Nine""","""Cf_Sterling_Silver""",0.081789684
"""Cf_Pluribracheata_(2)""","""Cf_D9999-0573.001_Ohio""",0.081819405
"""Cf_Pluribracheata_(2)""","""Cf_White_Cloud""",0.081821846
"""Cf_Pluribracheata_(2)""","""Cf_Fastigiata""",0.081874495
"""Cf_Grovflor_Spring_Grove""","""Cf_H4AR15P28""",0.081879572
"""Cf_First_Lady_(2)""","""Cf_439-71*6_Michigan""",0.081894226
"""Cf_Grovflor_Spring_Grove""","""Cf_Spring_Song""",0.081909886
"""Cf_439-71*4_Michigan""","""Cf_Super""",0.081960227
"""Cf_Jeans_Appalachian_Snow""","""Cf_66345J_Missouri""",0.081973844
"""Cf_Kays_Appalachian_Mist""","""Cf_H4AR15P28""",0.081999438
"""Cf_First_Lady_(2)""","""Cf_50820H_Missouri""",0.082053355
"""Cf_Pygmaea""","""Cf_66345J_Missouri""",0.082068117
"""Cf_Cherokee_Chief_(2)""","""Cf_439-71*4_Michigan""",0.082095598
"""Cf_50820H_Missouri""","""Cf_Xanthocarpa_Rutgers""",0.082117774
"""Cf_Red_Beauty""","""Cf_Fragrant_Cloud""",0.082138004
"""Cf_321-51*85_Michigan""","""Cf_Super""",0.082145378
"""Cf_Karens_Appalachian_Blush""","""Cf_66345J_Missouri""",0.082151061
"""Cf_Pluribracheata_(2)""","""Cf_Cloud_Nine""",0.082180635
"""Cf_Cherokee_Princess""","""Cf_H4AR15P28""",0.082301632
"""Cf_Comco_No1_Cherokee_Brave""","""Cf_439-71*4_Michigan""",0.082307903
"""Cf_White_Cloud""","""Cf_Sterling_Silver""",0.082356265
"""Cf_Appalachian_Joy""","""Cf_H4AR15P28""",0.082429195
"""Cf_439-71*4_Michigan""","""Cf_321-51*85_Michigan""",0.082430969
"""Cf_Super_Princess""","""Cf_H4AR15P28""",0.082455401
"""Cf_66345J_Missouri""","""Cf_Super""",0.082471305
"""Cf_Comco_No1_Cherokee_Brave""","""Cf_Fastigiata""",0.082541406
"""Cf_50847J_Missouri""","""Cf_H4AR15P28""",0.082559775
"""Cf_Pygmaea""","""Cf_Fastigiata""",0.082606325
"""Cf_Encore""","""Cf_Xanthocarpa_Rutgers""",0.08262224
"""Cf_Pluribracheata_(2)""","""Cf_50820H_Missouri""",0.082715883
"""Cf_Red_Beauty""","""Cf_Encore""",0.082723081
"""Cf_Pluribracheata_(2)""","""Cf_Super_Princess""",0.082738175
"""Cf_Xanthocarpa""","""Cf_Super""",0.082744987
"""Cf_Karens_Appalachian_Blush""","""Cf_Pluribracheata_(2)""",0.08276048
"""Cf_439-71*4_Michigan""","""Cf_White_Cloud""",0.082871434
"""Cf_Pluribracheata_(2)""","""Cf_321-51*68_Michigan""",0.082872182
"""Cf_66345J_Missouri""","""Cf_Purple_Glory""",0.082976075
"""Cf_50820H_Missouri""","""Cf_H4AR15P28""",0.083005618
"""Cf_66345P_Missouri""","""Cf_66345J_Missouri""",0.083008731
"""Cf_H4AR15P25""","""Cf_Comco_No1_Cherokee_Brave""",0.083014746
"""Cf_Red_Beauty""","""Cf_Super_Princess""",0.083029074
"""Cf_Cherokee_Chief_(2)""","""Cf_Cloud_Nine""",0.083040778
"""Cf_Red_Beauty""","""Cf_D9999-0569.001_Ohio""",0.083187272
"""Cf_Pluribracheata_(2)""","""Cf_ssp._urbiniana_Morris""",0.083187508
"""Cf_Pygmaea""","""Cf_321-51*85_Michigan""",0.083231167
"""Cf_Appalachian_Spring_Maryland""","""Cf_66345J_Missouri""",0.08323216
"""Cf_Red_Beauty""","""Cf_ssp._urbiniana_Morris""",0.083277095
"""Cf_Pygmaea""","""Cf_Sterling_Silver""",0.08328555
"""Cf_Comco_No1_Cherokee_Brave""","""Cf_First_Lady_(2)""",0.083322006
"""Cf_Spring_Song""","""Cf_50847J_Missouri""",0.083423036
"""Cf_Xanthocarpa""","""Cf_White_Cloud""",0.083456326
"""Cf_Appalachian_Spring_Maryland""","""Cf_Red_Beauty""",0.083457124
"""Cf_439-71*6_Michigan""","""Cf_321-51*68_Michigan""",0.083457124
"""Cf_439-71*6_Michigan""","""Cf_Sterling_Silver""",0.083463449
"""Cf_rubra_H4A""","""Cf_Sterling_Silver""",0.083474337
"""Cf_Xanthocarpa_Rutgers""","""Cf_Springtime""",0.083547732
"""Cf_Pluribracheata_(2)""","""Cf_First_Lady_(2)""",0.083569214
"""Cf_Pluribracheata_(2)""","""Cf_Little_Princess""",0.083592167
"""Cf_Dixie_Colonnade""","""Cf_Sterling_Silver""",0.083625988
"""Cf_Spring_Song""","""Cf_Super_Princess""",0.083691564
"""Cf_H4AR15P28""","""Cf_ssp._urbiniana_SpringMeadow""",0.083731689
"""Cf_50847J_Missouri""","""Cf_Sterling_Silver""",0.083735453
"""Cf_Cherokee_Chief_(2)""","""Cf_First_Lady_(2)""",0.083769634
"""Cf_H3G2R01P14""","""Cf_Pluribracteata_Group""",0.08379661
"""Cf_Cherokee_Chief_(2)""","""Cf_Sterling_Silver""",0.083815437
"""Cf_Xanthocarpa_Rutgers""","""Cf_Pluribracteata_Group""",0.083898995
"""Cf_Fastigiata""","""Cf_Dixie_Colonnade""",0.083923589
"""Cf_Cherokee_Princess""","""Cf_Spring_Song""",0.083927371
"""Cf_Fragrant_Cloud""","""Cf_Sterling_Silver""",0.083991942
"""Cf_Jeans_Appalachian_Snow""","""Cf_H4AR15P28""",0.08401122
"""Cf_Fastigiata""","""Cf_Sterling_Silver""",0.084100241
"""Cf_Appalachian_Spring_Maryland""","""Cf_Xanthocarpa_Rutgers""",0.084176447
"""Cf_Xanthocarpa""","""Cf_439-71*6_Michigan""",0.084220455
"""Cf_Xanthocarpa""","""Cf_439-71*4_Michigan""",0.08422478
"""Cf_321-51*68_Michigan""","""Cf_Dixie_Colonnade""",0.084264832
"""Cf_First_Lady_(2)""","""Cf_66345J_Missouri""",0.084312931
"""Cf_Spring_Song""","""Cf_50820H_Missouri""",0.08432926
"""Cf_Appalachian_Joy""","""Cf_Red_Beauty""",0.084338983
"""Cf_Cloud_Nine""","""Cf_Red_Beauty""",0.084388186
"""Cf_Red_Beauty""","""Cf_White_Cloud""",0.084400701
"""Cf_66345J_Missouri""","""Cf_Powell_Peach_(2)""",0.084422111
"""Cf_439-71*6_Michigan""","""Cf_321-51*85_Michigan""",0.084455819
"""Cf_Pluribracheata_(2)""","""Cf_439-71*6_Michigan""",0.084469033
"""Cf_Pygmaea""","""Cf_Rainbow""",0.084511842
"""Cf_Cherokee_Princess""","""Cf_Pluribracheata_(2)""",0.084546926
"""Cf_Pluribracheata_(2)""","""Cf_ssp._urbiniana_SpringMeadow""",0.084550686
"""Cf_66345L_Missouri""","""Cf_66345J_Missouri""",0.084611246
"""Cf_Xanthocarpa_Rutgers""","""Cf_321-51*85_Michigan""",0.084693189
"""Cf_Comco_No1_Cherokee_Brave""","""Cf_Sterling_Silver""",0.084726389
"""Cf_Red_Beauty""","""Cf_Super""",0.084765015
"""Cf_H4AR15P28""","""Cf_Fragrant_Cloud""",0.08488189
"""Cf_439-71*4_Michigan""","""Cf_Powell_Peach_(2)""",0.084882548
"""Cf_66345L_Missouri""","""Cf_Xanthocarpa_Rutgers""",0.084983165
"""Cf_Spring_Song""","""Cf_White_Cloud""",0.085029459
"""Cf_First_Lady_(2)""","""Cf_321-51*85_Michigan""",0.085060565
"""Cf_Cherokee_Chief_(2)""","""Cf_Dixie_Colonnade""",0.085079094
"""Cf_First_Lady_(2)""","""Cf_Sterling_Silver""",0.085139538
"""Cf_321-51*68_Michigan""","""Cf_Sterling_Silver""",0.085142614
"""Cf_Appalachian_Spring_Maryland""","""Cf_Spring_Song""",0.085154888
"""Cf_Cloud_Nine""","""Cf_321-51*68_Michigan""",0.085155507
"""Cf_321-51*85_Michigan""","""Cf_Dixie_Colonnade""",0.085170126
"""Cf_Comco_No1_Cherokee_Brave""","""Cf_321-51*68_Michigan""",0.085306122
"""Cf_D9999-0573.001_Ohio""","""Cf_Xanthocarpa_Rutgers""",0.08539053
"""Cf_Spring_Song""","""Cf_ssp._urbiniana_SpringMeadow""",0.085428613
"""Cf_Jeans_Appalachian_Snow""","""Cf_Red_Beauty""",0.085436631
"""Cf_H4AR15P28""","""Cf_Sweetwater_Red_USNA""",0.085556041
"""Cf_439-71*4_Michigan""","""Cf_Rainbow""",0.085617597
"""Cf_Spring_Song""","""Cf_Xanthocarpa""",0.085637584
"""Cf_66345P_Missouri""","""Cf_Xanthocarpa_Rutgers""",0.085706609
"""Cf_Rainbow""","""Cf_Sterling_Silver""",0.08573898
"""Cf_50847J_Missouri""","""Cf_Red_Beauty""",0.085861322
"""Cf_D9999-0569.001_Ohio""","""Cf_Xanthocarpa_Rutgers""",0.085891222
"""Cf_50820H_Missouri""","""Cf_Red_Beauty""",0.086092715
"""Cf_Comco_No1_Cherokee_Brave""","""Cf_Pluribracheata_(2)""",0.086164719
"""Cf_Double_Pink""","""Cf_Sweetwater_Red_USNA""",0.086170363
"""Cf_Pluribracheata_(2)""","""Cf_Dixie_Colonnade""",0.086266094
"""Cf_Appalachian_Joy""","""Cf_Spring_Song""",0.086353226
"""Cf_50820H_Missouri""","""Cf_Sterling_Silver""",0.086531653
"""Cf_Kays_Appalachian_Mist""","""Cf_Xanthocarpa_Rutgers""",0.086627985
"""Cf_Little_Princess""","""Cf_Xanthocarpa_Rutgers""",0.086685629
"""Cf_Fastigiata""","""Cf_H4AR15P28""",0.086889388
"""Cf_Xanthocarpa_Rutgers""","""Cf_Fragrant_Cloud""",0.086890934
"""Cf_Spring_Song""","""Cf_ssp._urbiniana_Morris""",0.086956522
"""Cf_66345J_Missouri""","""Cf_Pluribracteata_Group""",0.08697422
"""Cf_321-51*85_Michigan""","""Cf_H4AR15P28""",0.08698092
"""Cf_Little_Princess""","""Cf_Spring_Song""",0.086991651
"""Cf_D9999-0570.001_Ohio""","""Cf_Xanthocarpa_Rutgers""",0.086998088
"""Cf_Comco_No1_Cherokee_Brave""","""Cf_66345J_Missouri""",0.087069083
"""Cf_439-71*4_Michigan""","""Cf_321-51*68_Michigan""",0.087145378
"""Cf_Xanthocarpa_Rutgers""","""Cf_Purple_Glory""",0.087251106
"""Cf_66345J_Missouri""","""Cf_439-71*6_Michigan""",0.087256494
"""Cf_Spring_Song""","""Cf_Encore""",0.087296241
"""Cf_Sterling_Silver""","""Cf_Powell_Peach_(2)""",0.087313433
"""Cf_Spring_Song""","""Cf_321-51*85_Michigan""",0.087323944
"""Cf_66345J_Missouri""","""Cf_ssp._urbiniana_Morris""",0.087402212
"""Cf_Xanthocarpa""","""Cf_Sterling_Silver""",0.087461081
"""Cf_Comco_No1_Cherokee_Brave""","""Cf_Xanthocarpa_Rutgers""",0.087614116
"""Cf_rubra_H4A""","""Cf_Xanthocarpa_Rutgers""",0.087671972
"""Cf_H3G2R01P14""","""Cf_Springtime""",0.087785743
"""Cf_H3G2R01P14""","""Cf_D9999-0570.001_Ohio""",0.087858117
"""Cf_First_Lady_(2)""","""Cf_Xanthocarpa""",0.087910609
"""Cf_First_Lady_(2)""","""Cf_H4AR15P28""",0.088020247
"""Cf_66345J_Missouri""","""Cf_321-51*68_Michigan""",0.088020552
"""Cf_Xanthocarpa_Rutgers""","""Cf_H4AR15P35""",0.088103255
"""Cf_Jaunita""","""Cf_Sweetwater_Red_USNA""",0.088137009
"""Cf_Spring_Song""","""Cf_Fastigiata""",0.088199758
"""Cf_Appalachian_Joy""","""Cf_Xanthocarpa_Rutgers""",0.088211382
"""Cf_321-51*85_Michigan""","""Cf_Sterling_Silver""",0.088222819
"""Cf_H4AR15P28""","""Cf_Rainbow""",0.088230104
"""Cf_Red_Beauty""","""Cf_ssp._urbiniana_SpringMeadow""",0.088335557
"""Cf_Grovflor_Spring_Grove""","""Cf_Red_Beauty""",0.088434453
"""Cf_Little_Princess""","""Cf_H3G2R01P14""",0.088438134
"""Cf_Red_Beauty""","""Cf_Fastigiata""",0.088477644
"""Cf_Cherokee_Princess""","""Cf_Red_Beauty""",0.08849797
"""Cf_Cherokee_Chief_(2)""","""Cf_66345J_Missouri""",0.088559892
"""Cf_66345J_Missouri""","""Cf_rubra_H4A""",0.088592233
"""Cf_Pluribracheata_(2)""","""Cf_439-71*4_Michigan""",0.088726089
"""Cf_Springtime""","""Cf_Sweetwater_Red_USNA""",0.088798769
"""Cf_439-71*4_Michigan""","""Cf_Dixie_Colonnade""",0.088817204
"""Cf_Fastigiata""","""Cf_Xanthocarpa_Rutgers""",0.088822894
"""Cf_First_Lady_(2)""","""Cf_Spring_Song""",0.088832146
"""Cf_Appalachian_Spring_Maryland""","""Cf_Sweetwater_Red_USNA""",0.088870316
"""Cf_H4AR15P25""","""Cf_Super_Princess""",0.088891896
"""Cf_66345J_Missouri""","""Cf_Dixie_Colonnade""",0.088974855
"""Cf_H4AR15P25""","""Cf_D9999-0573.001_Ohio""",0.08897904
"""Cf_Red_Beauty""","""Cf_Xanthocarpa""",0.08906609
"""Cf_H4AR15P25""","""Cf_Fragrant_Cloud""",0.089137332
"""Cf_Xanthocarpa_Rutgers""","""Cf_Super_Princess""",0.089153046
"""Cf_H4AR15P35""","""Cf_Sweetwater_Red_USNA""",0.089156277
"""Cf_66345J_Missouri""","""Cf_Rainbow""",0.089177343
"""Cf_Spring_Song""","""Cf_439-71*6_Michigan""",0.089196825
"""Cf_Pluribracheata_(2)""","""Cf_321-51*85_Michigan""",0.08923284
"""Cf_D9999-0573.001_Ohio""","""Cf_Sweetwater_Red_USNA""",0.089288202
"""Cf_Grovflor_Spring_Grove""","""Cf_Xanthocarpa_Rutgers""",0.089297795
"""Cf_Fragrant_Cloud""","""Cf_Sweetwater_Red_USNA""",0.089349758
"""Cf_Xanthocarpa_Rutgers""","""Cf_Powell_Peach_(2)""",0.089367816
"""Cf_Karens_Appalachian_Blush""","""Cf_Xanthocarpa_Rutgers""",0.089435288
"""Cf_66345J_Missouri""","""Cf_Sterling_Silver""",0.089488636
"""Cf_50820H_Missouri""","""Cf_66345J_Missouri""",0.08949784
"""Cf_Cloud_Nine""","""Cf_H4AR15P28""",0.089533239
"""Cf_Pluribracheata_(2)""","""Cf_Xanthocarpa""",0.089538172
"""Cf_ssp._urbiniana_Morris""","""Cf_H4AR15P28""",0.08954386
"""Cf_H4AR15P25""","""Cf_Encore""",0.089576547
"""Cf_H4AR15P25""","""Cf_D9999-0570.001_Ohio""",0.089664613
"""Cf_Pluribracheata_(2)""","""Cf_Pygmaea""",0.089692833
"""Cf_321-51*68_Michigan""","""Cf_H4AR15P28""",0.089783282
"""Cf_Xanthocarpa_Rutgers""","""Cf_Rainbow""",0.089912281
"""Cf_Sweetwater_Red_USNA""","""Cf_ssp._urbiniana_SpringMeadow""",0.090033629
"""Cf_Spring_Song""","""Cf_Super""",0.090101523
"""Cf_H4AR15P25""","""Cf_Little_Princess""",0.090119435
"""Cf_66345J_Missouri""","""Cf_H4AR15P28""",0.090204369
"""Cf_439-71*4_Michigan""","""Cf_Sterling_Silver""",0.090312455
"""Cf_Cherokee_Chief_(2)""","""Cf_Xanthocarpa_Rutgers""",0.090431974
"""Cf_Red_Beauty""","""Cf_321-51*68_Michigan""",0.090490382
"""Cf_Pluribracteata_Group""","""Cf_Sweetwater_Red_USNA""",0.090514829
"""Cf_H3G2R01P14""","""Cf_D9999-0569.001_Ohio""",0.090591398
"""Cf_Red_Beauty""","""Cf_439-71*6_Michigan""",0.090613572
"""Cf_Red_Beauty""","""Cf_439-71*4_Michigan""",0.090760648
"""Cf_Jeans_Appalachian_Snow""","""Cf_Spring_Song""",0.090762837
"""Cf_Xanthocarpa_Rutgers""","""Cf_White_Cloud""",0.090774411
"""Cf_Spring_Song""","""Cf_Pygmaea""",0.090785355
"""Cf_Red_Pygmy""","""Cf_Pluribracteata_Group""",0.090785908
"""Cf_H4AR15P25""","""Cf_Jaunita""",0.090847549
"""Cf_Cherokee_Princess""","""Cf_Sweetwater_Red_USNA""",0.090883708
"""Cf_H4AR15P25""","""Cf_Jeans_Appalachian_Snow""",0.090933658
"""Cf_Xanthocarpa""","""Cf_H4AR15P28""",0.090972905
"""Cf_Red_Beauty""","""Cf_321-51*85_Michigan""",0.091031875
"""Cf_66345J_Missouri""","""Cf_Xanthocarpa""",0.091068538
"""Cf_H4AR15P25""","""Cf_Grovflor_Spring_Grove""",0.091081594
"""Cf_H4AR15P25""","""Cf_Cherokee_Princess""",0.091106291
"""Cf_ssp._urbiniana_Morris""","""Cf_Sweetwater_Red_USNA""",0.09111173
"""Cf_H4AR15P25""","""Cf_Springtime""",0.091118957
"""Cf_H3G2R01P14""","""Cf_D9999-0573.001_Ohio""",0.091190733
"""Cf_H4AR15P25""","""Cf_Appalachian_Joy""",0.091267147
"""Cf_439-71*6_Michigan""","""Cf_H4AR15P28""",0.091305571
"""Cf_H4AR15P25""","""Cf_50847J_Missouri""",0.091316147
"""Cf_Spring_Song""","""Cf_Cloud_Nine""",0.091376048
"""Cf_Encore""","""Cf_Sweetwater_Red_USNA""",0.091468531
"""Cf_Jeans_Appalachian_Snow""","""Cf_Xanthocarpa_Rutgers""",0.091546447
"""Cf_Xanthocarpa""","""Cf_Dixie_Colonnade""",0.091611242
"""Cf_66345J_Missouri""","""Cf_439-71*4_Michigan""",0.091613429
"""Cf_Appalachian_Spring_Maryland""","""Cf_H3G2R01P14""",0.09161951
"""Cf_White_Cloud""","""Cf_Red_Pygmy""",0.091776404
"""Cf_Kays_Appalachian_Mist""","""Cf_H3G2R01P14""",0.0918766
"""Cf_H3G2R01P14""","""Cf_Super_Princess""",0.091878036
"""Cf_Spring_Song""","""Cf_321-51*68_Michigan""",0.091912259
"""Cf_ssp._urbiniana_USNA""","""Cf_ssp._urbiniana_SpringMeadow""",0.091912344
"""Cf_H3G2R01P14""","""Cf_Super""",0.091913327
"""Cf_H4AR15P25""","""Cf_D9999-0569.001_Ohio""",0.092075064
"""Cf_Grovflor_Spring_Grove""","""Cf_Sweetwater_Red_USNA""",0.092077686
"""Cf_66345J_Missouri""","""Cf_Fastigiata""",0.092345079
"""Cf_Spring_Song""","""Cf_Rainbow""",0.092356688
"""Cf_Super""","""Cf_Sweetwater_Red_USNA""",0.092377073
"""Cf_Little_Princess""","""Cf_Sweetwater_Red_USNA""",0.092447552
"""Cf_D9999-0570.001_Ohio""","""Cf_Red_Pygmy""",0.092458748
"""Cf_ssp._urbiniana_Morris""","""Cf_Red_Pygmy""",0.092475434
"""Cf_Cherokee_Princess""","""Cf_H3G2R01P14""",0.092530055
"""Cf_Kays_Appalachian_Mist""","""Cf_Sweetwater_Red_USNA""",0.092530658
"""Cf_66345J_Missouri""","""Cf_321-51*85_Michigan""",0.092625051
"""Cf_Xanthocarpa_Rutgers""","""Cf_ssp._urbiniana_Morris""",0.09267503
"""Cf_H3G2R01P14""","""Cf_Encore""",0.092752839
"""Cf_Cloud_Nine""","""Cf_Xanthocarpa_Rutgers""",0.092849375
"""Cf_50820H_Missouri""","""Cf_Red_Pygmy""",0.092869659
"""Cf_Fastigiata""","""Cf_Sweetwater_Red_USNA""",0.093013527
"""Cf_Pluribracheata_(2)""","""Cf_Spring_Song""",0.093170207
"""Cf_White_Cloud""","""Cf_Sweetwater_Red_USNA""",0.093184979
"""Cf_H4AR15P28""","""Cf_Sterling_Silver""",0.093209055
"""Cf_Pluribracheata_(2)""","""Cf_Sterling_Silver""",0.093240754
"""Cf_Grovflor_Spring_Grove""","""Cf_H3G2R01P14""",0.093353148
"""Cf_321-51*68_Michigan""","""Cf_Sweetwater_Red_USNA""",0.093361286
"""Cf_D9999-0573.001_Ohio""","""Cf_Red_Pygmy""",0.093539704
"""Cf_Spring_Song""","""Cf_439-71*4_Michigan""",0.093576741
"""Cf_Kays_Appalachian_Mist""","""Cf_Red_Pygmy""",0.093615302
"""Cf_Jeans_Appalachian_Snow""","""Cf_H3G2R01P14""",0.09375
"""Cf_H3G2R01P14""","""Cf_Fragrant_Cloud""",0.093768814
"""Cf_H4AR15P25""","""Cf_Pygmaea""",0.093840033
"""Cf_Appalachian_Joy""","""Cf_H3G2R01P14""",0.093859886
"""Cf_D9999-0569.001_Ohio""","""Cf_Sweetwater_Red_USNA""",0.093880389
"""Cf_439-71*4_Michigan""","""Cf_H4AR15P28""",0.093891403
"""Cf_D9999-0570.001_Ohio""","""Cf_Sweetwater_Red_USNA""",0.093921873
"""Cf_Xanthocarpa_Rutgers""","""Cf_Super""",0.094015882
"""Cf_Rainbow""","""Cf_Sweetwater_Red_USNA""",0.094017094
"""Cf_H4AR15P25""","""Cf_ssp._urbiniana_SpringMeadow""",0.09430605
"""Cf_Jeans_Appalachian_Snow""","""Cf_Sweetwater_Red_USNA""",0.094402673
"""Cf_Pluribracheata_(2)""","""Cf_66345J_Missouri""",0.094497769
"""Cf_Xanthocarpa_Rutgers""","""Cf_ssp._urbiniana_SpringMeadow""",0.094568596
"""Cf_H4AR15P25""","""Cf_66345L_Missouri""",0.094614658
"""Cf_Red_Beauty""","""Cf_Dixie_Colonnade""",0.094632464
"""Cf_H4AR15P28""","""Cf_Dixie_Colonnade""",0.094774938
"""Cf_Spring_Song""","""Cf_Xanthocarpa_Rutgers""",0.094878706
"""Cf_Red_Pygmy""","""Cf_Springtime""",0.094954687
"""Cf_Pygmaea""","""Cf_Xanthocarpa_Rutgers""",0.094990419
"""Cf_H4AR15P25""","""Cf_ssp._urbiniana_Morris""",0.095051379
"""Cf_ssp._urbiniana_Rutgers""","""Cf_ssp._urbiniana_SpringMeadow""",0.09510402
"""Cf_Appalachian_Joy""","""Cf_Sweetwater_Red_USNA""",0.095231436
"""Cf_50847J_Missouri""","""Cf_Sweetwater_Red_USNA""",0.095238095
"""Cf_H3G2R01P14""","""Cf_ssp._urbiniana_Morris""",0.09524451
"""Cf_Encore""","""Cf_Red_Pygmy""",0.09527027
"""Cf_Spring_Song""","""Cf_Sterling_Silver""",0.095352451
"""Cf_Red_Beauty""","""Cf_Rainbow""",0.095390849
"""Cf_Super_Princess""","""Cf_Red_Pygmy""",0.095404932
"""Cf_First_Lady_(2)""","""Cf_Red_Beauty""",0.095425014
"""Cf_Pluribracheata_(2)""","""Cf_H4AR15P28""",0.0954456
"""Cf_H3G2R01P14""","""Cf_50820H_Missouri""",0.095495009
"""Cf_Little_Princess""","""Cf_Red_Pygmy""",0.095527631
"""Cf_H3G2R01P14""","""Cf_ssp._urbiniana_SpringMeadow""",0.095554571
"""Cf_H4AR15P25""","""Cf_Purple_Glory""",0.095719629
"""Cf_H3G2R01P14""","""Cf_439-71*6_Michigan""",0.095771984
"""Cf_Red_Pygmy""","""Cf_Fragrant_Cloud""",0.095875978
"""Cf_Super_Princess""","""Cf_Sweetwater_Red_USNA""",0.096108244
"""Cf_Grovflor_Spring_Grove""","""Cf_Red_Pygmy""",0.096138266
"""Cf_Cherokee_Princess""","""Cf_Xanthocarpa_Rutgers""",0.096159048
"""Cf_H4AR15P25""","""Cf_Karens_Appalachian_Blush""",0.096289274
"""Cf_Comco_No1_Cherokee_Brave""","""Cf_Sweetwater_Red_USNA""",0.096370287
"""Cf_H4AR15P25""","""Cf_rubra_H4A""",0.096512571
"""Cf_Appalachian_Spring_Maryland""","""Cf_Red_Pygmy""",0.096700337
"""Cf_H4AR15P25""","""Cf_439-71*6_Michigan""",0.096839821
"""Cf_Red_Beauty""","""Cf_Sterling_Silver""",0.096870555
"""Cf_Cloud_Nine""","""Cf_H3G2R01P14""",0.096997691
"""Cf_H4AR15P25""","""Cf_Appalachian_Spring_Maryland""",0.097079502
"""Cf_Red_Pygmy""","""Cf_Super""",0.097381458
"""Cf_D9999-0569.001_Ohio""","""Cf_Red_Pygmy""",0.097515111
"""Cf_H4AR15P25""","""Cf_First_Lady_(2)""",0.097587422
"""Cf_Sterling_Silver""","""Cf_Sweetwater_Red_USNA""",0.09766828
"""Cf_Cherokee_Princess""","""Cf_Red_Pygmy""",0.097679439
"""Cf_H4AR15P25""","""Cf_Super""",0.097768936
"""Cf_H4AR15P25""","""Cf_50820H_Missouri""",0.097821675
"""Cf_Cloud_Nine""","""Cf_Sweetwater_Red_USNA""",0.097865768
"""Cf_321-51*85_Michigan""","""Cf_Sweetwater_Red_USNA""",0.098063797
"""Cf_Pluribracheata_(2)""","""Cf_Red_Beauty""",0.098092274
"""Cf_First_Lady_(2)""","""Cf_Xanthocarpa_Rutgers""",0.098161168
"""Cf_H4AR15P25""","""Cf_66345P_Missouri""",0.098168597
"""Cf_H3G2R01P14""","""Cf_Rainbow""",0.098280512
"""Cf_Xanthocarpa_Rutgers""","""Cf_439-71*4_Michigan""",0.098382932
"""Cf_Spring_Song""","""Cf_Dixie_Colonnade""",0.098546387
"""Cf_Xanthocarpa_Rutgers""","""Cf_H4AR15P28""",0.098591549
"""Cf_439-71*6_Michigan""","""Cf_Sweetwater_Red_USNA""",0.098617125
"""Cf_H3G2R01P14""","""Cf_Fastigiata""",0.098678889
"""Cf_Appalachian_Joy""","""Cf_Red_Pygmy""",0.098783784
"""Cf_Jeans_Appalachian_Snow""","""Cf_Red_Pygmy""",0.098801992
"""Cf_Pygmaea""","""Cf_Sweetwater_Red_USNA""",0.098887167
"""Cf_H3G2R01P14""","""Cf_321-51*68_Michigan""",0.098892191
"""Cf_H4AR15P25""","""Cf_Rainbow""",0.098919649
"""Cf_H4AR15P25""","""Cf_H4AR15P28""",0.098927463
"""Cf_H4AR15P25""","""Cf_Pluribracteata_Group""",0.099034145
"""Cf_First_Lady_(2)""","""Cf_H3G2R01P14""",0.099082073
"""Cf_H3G2R01P14""","""Cf_50847J_Missouri""",0.099202595
"""Cf_Xanthocarpa_Rutgers""","""Cf_439-71*6_Michigan""",0.099296537
"""Cf_H3G2R01P14""","""Cf_Sterling_Silver""",0.099318956
"""Cf_50820H_Missouri""","""Cf_Sweetwater_Red_USNA""",0.099414389
"""Cf_H4AR15P25""","""Cf_Dixie_Colonnade""",0.099417727
"""Cf_Xanthocarpa_Rutgers""","""Cf_Dixie_Colonnade""",0.099417727
"""Cf_50847J_Missouri""","""Cf_Red_Pygmy""",0.099432586
"""Cf_Spring_Song""","""Cf_66345J_Missouri""",0.099460916
"""Cf_H3G2R01P14""","""Cf_66345J_Missouri""",0.099729364
"""Cf_66345J_Missouri""","""Cf_Red_Beauty""",0.09979661
"""Cf_Xanthocarpa_Rutgers""","""Cf_Sterling_Silver""",0.099900526
"""Cf_H4AR15P25""","""Cf_66345J_Missouri""",0.100162866
"""Cf_H4AR15P25""","""Cf_Cherokee_Chief_(2)""",0.100229327
"""Cf_H3G2R01P14""","""Cf_321-51*85_Michigan""",0.10025603
"""Cf_Red_Pygmy""","""Cf_ssp._urbiniana_SpringMeadow""",0.100428297
"""Cf_H3G2R01P14""","""Cf_Dixie_Colonnade""",0.101184069
"""Cf_First_Lady_(2)""","""Cf_Red_Pygmy""",0.101281187
"""Cf_H4AR15P25""","""Cf_Xanthocarpa""",0.101325758
"""Cf_Pluribracheata_(2)""","""Cf_Xanthocarpa_Rutgers""",0.101419878
"""Cf_H3G2R01P14""","""Cf_Xanthocarpa""",0.101455133
"""Cf_439-71*4_Michigan""","""Cf_Sweetwater_Red_USNA""",0.101809003
"""Cf_439-71*6_Michigan""","""Cf_Red_Pygmy""",0.101836845
"""Cf_First_Lady_(2)""","""Cf_Sweetwater_Red_USNA""",0.101926836
"""Cf_Dixie_Colonnade""","""Cf_Sweetwater_Red_USNA""",0.102367383
"""Cf_Xanthocarpa""","""Cf_Sweetwater_Red_USNA""",0.102453304
"""Cf_Cloud_Nine""","""Cf_Red_Pygmy""",0.102536281
"""Cf_66345J_Missouri""","""Cf_Xanthocarpa_Rutgers""",0.102696112
"""Cf_321-51*68_Michigan""","""Cf_Red_Pygmy""",0.102917342
"""Cf_H3G2R01P14""","""Cf_439-71*4_Michigan""",0.10320478
"""Cf_Fastigiata""","""Cf_Red_Pygmy""",0.103299663
"""Cf_H4AR15P25""","""Cf_321-51*85_Michigan""",0.103434289
"""Cf_H4AR15P25""","""Cf_Fastigiata""",0.10349026
"""Cf_321-51*85_Michigan""","""Cf_Red_Pygmy""",0.103527194
"""Cf_Pluribracheata_(2)""","""Cf_Sweetwater_Red_USNA""",0.103977669
"""Cf_Red_Beauty""","""Cf_Xanthocarpa_Rutgers""",0.104734771
"""Cf_439-71*4_Michigan""","""Cf_Red_Pygmy""",0.104913138
"""Cf_H4AR15P25""","""Cf_Red_Beauty""",0.105613701
"""Cf_H4AR15P25""","""Cf_439-71*4_Michigan""",0.105858311
"""Cf_H4AR15P25""","""Cf_Sterling_Silver""",0.106222412
"""Cf_H4AR15P25""","""Cf_321-51*68_Michigan""",0.106697397
"""Cf_Xanthocarpa""","""Cf_Red_Pygmy""",0.106858914
"""Cf_Pluribracheata_(2)""","""Cf_Red_Pygmy""",0.1072585
"""Cf_Red_Pygmy""","""Cf_Sterling_Silver""",0.107345434
"""Cf_Spring_Song""","""Cf_Sweetwater_Red_USNA""",0.108111869
"""Cf_Pluribracheata_(2)""","""Cf_H3G2R01P14""",0.108140948
"""Cf_Double_Pink""","""Cf_Pluribracteata_Group""",0.108400713
"""Cf_Red_Pygmy""","""Cf_Rainbow""",0.108413421
"""Cf_66345J_Missouri""","""Cf_Red_Pygmy""",0.108451657
"""Cf_Double_Pink""","""Cf_Springtime""",0.108603474
"""Cf_H4AR15P25""","""Cf_Spring_Song""",0.109505806
"""Cf_Red_Pygmy""","""Cf_Dixie_Colonnade""",0.109556608
"""Cf_Double_Pink""","""Cf_Kays_Appalachian_Mist""",0.109643149
"""Cf_H4AR15P25""","""Cf_Pluribracheata_(2)""",0.109770972
"""Cf_Double_Pink""","""Cf_Super_Princess""",0.109854164
"""Cf_Double_Pink""","""Cf_Appalachian_Spring_Maryland""",0.110157952
"""Cf_Double_Pink""","""Cf_D9999-0570.001_Ohio""",0.110759058
"""Cf_Double_Pink""","""Cf_Grovflor_Spring_Grove""",0.111748634
"""Cf_Double_Pink""","""Cf_H4AR15P35""",0.111992071
"""Cf_Double_Pink""","""Cf_D9999-0569.001_Ohio""",0.112666485
"""Cf_66345J_Missouri""","""Cf_Sweetwater_Red_USNA""",0.113006993
"""Cf_Xanthocarpa_Rutgers""","""Cf_Sweetwater_Red_USNA""",0.113598209
"""Cf_Double_Pink""","""Cf_50847J_Missouri""",0.113630156
"""Cf_Double_Pink""","""Cf_ssp._urbiniana_SpringMeadow""",0.113748321
"""Cf_H3G2R01P14""","""Cf_Xanthocarpa_Rutgers""",0.113817837
"""Cf_Double_Pink""","""Cf_50820H_Missouri""",0.113837764
"""Cf_Double_Pink""","""Cf_Super""",0.114101646
"""Cf_Double_Pink""","""Cf_Xanthocarpa""",0.114289606
"""Cf_H4AR15P25""","""Cf_Xanthocarpa_Rutgers""",0.114669562
"""Cf_Double_Pink""","""Cf_White_Cloud""",0.114751869
"""Cf_Double_Pink""","""Cf_Cherokee_Princess""",0.114886069
"""Cf_Double_Pink""","""Cf_321-51*85_Michigan""",0.115515597
"""Cf_H4AR15P25""","""Cf_H3G2R01P14""",0.115556761
"""Cf_Double_Pink""","""Cf_D9999-0573.001_Ohio""",0.116310706
"""Cf_Double_Pink""","""Cf_Jeans_Appalachian_Snow""",0.11664625
"""Cf_Double_Pink""","""Cf_Encore""",0.116810286
"""Cf_Double_Pink""","""Cf_Little_Princess""",0.117622951
"""Cf_Double_Pink""","""Cf_Fastigiata""",0.117743254
"""Cf_Double_Pink""","""Cf_Fragrant_Cloud""",0.11849711
"""Cf_Double_Pink""","""Cf_Pygmaea""",0.118524658
"""Cf_Double_Pink""","""Cf_ssp._urbiniana_Morris""",0.118768728
"""Cf_Double_Pink""","""Cf_Pluribracheata_(2)""",0.119628973
"""Cf_Double_Pink""","""Cf_Appalachian_Joy""",0.119655785
"""Cf_Double_Pink""","""Cf_321-51*68_Michigan""",0.119655785
"""Cf_Xanthocarpa_Rutgers""","""Cf_Red_Pygmy""",0.120486815
"""Cf_Double_Pink""","""Cf_439-71*6_Michigan""",0.12085211
"""Cf_H4AR15P25""","""Cf_Red_Pygmy""",0.121376321
"""Cf_H4AR15P25""","""Cf_Sweetwater_Red_USNA""",0.123158928
"""Cf_Double_Pink""","""Cf_Cloud_Nine""",0.123268888
"""Cf_Double_Pink""","""Cf_Rainbow""",0.123709596
"""Cf_Double_Pink""","""Cf_439-71*4_Michigan""",0.123919308
"""Cf_Double_Pink""","""Cf_66345J_Missouri""",0.127633379
"""Cf_Double_Pink""","""Cf_Xanthocarpa_Rutgers""",0.128127991
"""Cf_Double_Pink""","""Cf_Sterling_Silver""",0.128532492
"""Cf_Double_Pink""","""Cf_Dixie_Colonnade""",0.129157667
"""Cf_Double_Pink""","""Cf_First_Lady_(2)""",0.12953863
"""Cf_H4AR15P25""","""Cf_Double_Pink""",0.145736222
"""Cf_D9999-0569.001_Ohio""","""Cf_ssp._urbiniana_USNA""",0.148174867
"""Cf_ssp._urbiniana_Rutgers""","""Cf_D9999-0569.001_Ohio""",0.148391708
"""Cf_H4AR15P35""","""Cf_ssp._urbiniana_USNA""",0.148604023
"""Cf_ssp._urbiniana_Rutgers""","""Cf_ssp._urbiniana_Morris""",0.149076328
"""Cf_Grovflor_Spring_Grove""","""Cf_ssp._urbiniana_Rutgers""",0.149095088
"""Cf_Little_Princess""","""Cf_ssp._urbiniana_Rutgers""",0.149511213
"""Cf_ssp._urbiniana_Rutgers""","""Cf_Jaunita""",0.149677419
"""Cf_ssp._urbiniana_Rutgers""","""Cf_D9999-0573.001_Ohio""",0.149856734
"""Cf_ssp._urbiniana_Rutgers""","""Cf_Pluribracteata_Group""",0.15
"""Cf_ssp._urbiniana_Rutgers""","""Cf_Encore""",0.150064683
"""Cf_Cherokee_Princess""","""Cf_ssp._urbiniana_Rutgers""",0.150114811
"""Cf_ssp._urbiniana_Rutgers""","""Cf_Springtime""",0.150230017
"""Cf_Pluribracteata_Group""","""Cf_ssp._urbiniana_USNA""",0.150392328
"""Cf_Jaunita""","""Cf_ssp._urbiniana_USNA""",0.151019818
"""Cf_Kays_Appalachian_Mist""","""Cf_ssp._urbiniana_Rutgers""",0.151046145
"""Cf_Encore""","""Cf_ssp._urbiniana_USNA""",0.151348217
"""Cf_ssp._urbiniana_Rutgers""","""Cf_H4AR15P35""",0.151384341
"""Cf_ssp._urbiniana_Rutgers""","""Cf_Super_Princess""",0.151532512
"""Cf_ssp._urbiniana_Rutgers""","""Cf_66345P_Missouri""",0.151869826
"""Cf_Kays_Appalachian_Mist""","""Cf_ssp._urbiniana_USNA""",0.151878613
"""Cf_Karens_Appalachian_Blush""","""Cf_ssp._urbiniana_Rutgers""",0.151936872
"""Cf_D9999-0573.001_Ohio""","""Cf_ssp._urbiniana_USNA""",0.151957244
"""Cf_Cherokee_Princess""","""Cf_ssp._urbiniana_USNA""",0.151997684
"""Cf_ssp._urbiniana_Morris""","""Cf_ssp._urbiniana_USNA""",0.152067071
"""Cf_Little_Princess""","""Cf_ssp._urbiniana_USNA""",0.152240104
"""Cf_ssp._urbiniana_Rutgers""","""Cf_66345L_Missouri""",0.152382315
"""Cf_ssp._urbiniana_Rutgers""","""Cf_White_Cloud""",0.152382315
"""Cf_66345L_Missouri""","""Cf_ssp._urbiniana_USNA""",0.152547265
"""Cf_Appalachian_Spring_Maryland""","""Cf_ssp._urbiniana_Rutgers""",0.152722063
"""Cf_Springtime""","""Cf_ssp._urbiniana_USNA""",0.152820067
"""Cf_Appalachian_Spring_Maryland""","""Cf_ssp._urbiniana_USNA""",0.15301257
"""Cf_Grovflor_Spring_Grove""","""Cf_ssp._urbiniana_USNA""",0.153188406
"""Cf_White_Cloud""","""Cf_ssp._urbiniana_USNA""",0.153290993
"""Cf_ssp._urbiniana_Rutgers""","""Cf_50847J_Missouri""",0.153547831
"""Cf_Super_Princess""","""Cf_ssp._urbiniana_USNA""",0.153601388
"""Cf_Karens_Appalachian_Blush""","""Cf_ssp._urbiniana_USNA""",0.153812762
"""Cf_Appalachian_Joy""","""Cf_ssp._urbiniana_Rutgers""",0.15403423
"""Cf_ssp._urbiniana_USNA""","""Cf_Super""",0.154045012
"""Cf_Fragrant_Cloud""","""Cf_ssp._urbiniana_USNA""",0.154120123
"""Cf_ssp._urbiniana_Rutgers""","""Cf_D9999-0570.001_Ohio""",0.154192051
"""Cf_ssp._urbiniana_Rutgers""","""Cf_Purple_Glory""",0.154726952
"""Cf_ssp._urbiniana_Rutgers""","""Cf_Super""",0.154808562
"""Cf_66345P_Missouri""","""Cf_ssp._urbiniana_USNA""",0.155030949
"""Cf_Jeans_Appalachian_Snow""","""Cf_ssp._urbiniana_Rutgers""",0.155046528
"""Cf_Cloud_Nine""","""Cf_ssp._urbiniana_Rutgers""",0.155645394
"""Cf_50847J_Missouri""","""Cf_ssp._urbiniana_USNA""",0.155896841
"""Cf_ssp._urbiniana_Rutgers""","""Cf_Fragrant_Cloud""",0.155929487
"""Cf_ssp._urbiniana_Rutgers""","""Cf_321-51*68_Michigan""",0.156155725
"""Cf_D9999-0570.001_Ohio""","""Cf_ssp._urbiniana_USNA""",0.156478502
"""Cf_Pygmaea""","""Cf_ssp._urbiniana_USNA""",0.156483516
"""Cf_Appalachian_Joy""","""Cf_ssp._urbiniana_USNA""",0.15649021
"""Cf_Purple_Glory""","""Cf_ssp._urbiniana_USNA""",0.156810434
"""Cf_Pygmaea""","""Cf_ssp._urbiniana_Rutgers""",0.157153232
"""Cf_ssp._urbiniana_Rutgers""","""Cf_439-71*6_Michigan""",0.157200229
"""Cf_Jeans_Appalachian_Snow""","""Cf_ssp._urbiniana_USNA""",0.157256318
"""Cf_321-51*68_Michigan""","""Cf_ssp._urbiniana_USNA""",0.15765831
"""Cf_Cloud_Nine""","""Cf_ssp._urbiniana_USNA""",0.158071096
"""Cf_ssp._urbiniana_Rutgers""","""Cf_Fastigiata""",0.158234198
"""Cf_ssp._urbiniana_Rutgers""","""Cf_rubra_H4A""",0.159409911
"""Cf_439-71*6_Michigan""","""Cf_ssp._urbiniana_USNA""",0.159426586
"""Cf_Cherokee_Chief_(2)""","""Cf_ssp._urbiniana_Rutgers""",0.15954253
"""Cf_ssp._urbiniana_Rutgers""","""Cf_50820H_Missouri""",0.159690367
"""Cf_50820H_Missouri""","""Cf_ssp._urbiniana_USNA""",0.160063621
"""Cf_Cherokee_Chief_(2)""","""Cf_ssp._urbiniana_USNA""",0.160346071
"""Cf_Fastigiata""","""Cf_ssp._urbiniana_USNA""",0.161388286
"""Cf_ssp._urbiniana_Rutgers""","""Cf_321-51*85_Michigan""",0.162537591
"""Cf_ssp._urbiniana_Rutgers""","""Cf_Powell_Peach_(2)""",0.162819141
"""Cf_Rainbow""","""Cf_ssp._urbiniana_USNA""",0.163069109
"""Cf_ssp._urbiniana_USNA""","""Cf_Powell_Peach_(2)""",0.163102016
"""Cf_First_Lady_(2)""","""Cf_ssp._urbiniana_Rutgers""",0.163171502
"""Cf_ssp._urbiniana_Rutgers""","""Cf_Rainbow""",0.16324694
"""Cf_rubra_H4A""","""Cf_ssp._urbiniana_USNA""",0.163368482
"""Cf_ssp._urbiniana_Rutgers""","""Cf_Xanthocarpa""",0.164037855
"""Cf_321-51*85_Michigan""","""Cf_ssp._urbiniana_USNA""",0.16459717
"""Cf_Xanthocarpa""","""Cf_ssp._urbiniana_USNA""",0.165750651
"""Cf_First_Lady_(2)""","""Cf_ssp._urbiniana_USNA""",0.166014776
"""Cf_Comco_No1_Cherokee_Brave""","""Cf_ssp._urbiniana_Rutgers""",0.16620899
"""Cf_ssp._urbiniana_Rutgers""","""Cf_Sterling_Silver""",0.167321051
"""Cf_Pluribracheata_(2)""","""Cf_ssp._urbiniana_USNA""",0.167414267
"""Cf_Sterling_Silver""","""Cf_ssp._urbiniana_USNA""",0.167477943
"""Cf_Pluribracheata_(2)""","""Cf_ssp._urbiniana_Rutgers""",0.167479908
"""Cf_Comco_No1_Cherokee_Brave""","""Cf_ssp._urbiniana_USNA""",0.168465578
"""Cf_ssp._urbiniana_Rutgers""","""Cf_H4AR15P28""",0.170037453
"""Cf_H4AR15P28""","""Cf_ssp._urbiniana_USNA""",0.170142037
"""Cf_ssp._urbiniana_Rutgers""","""Cf_Dixie_Colonnade""",0.171052632
"""Cf_Dixie_Colonnade""","""Cf_ssp._urbiniana_USNA""",0.171150278
"""Cf_ssp._urbiniana_Rutgers""","""Cf_439-71*4_Michigan""",0.171671961
"""Cf_ssp._urbiniana_Rutgers""","""Cf_66345J_Missouri""",0.172032193
"""Cf_439-71*4_Michigan""","""Cf_ssp._urbiniana_USNA""",0.173653566
"""Cf_66345J_Missouri""","""Cf_ssp._urbiniana_USNA""",0.174133681
"""Cf_Red_Beauty""","""Cf_ssp._urbiniana_USNA""",0.175479372
"""Cf_ssp._urbiniana_Rutgers""","""Cf_Red_Beauty""",0.1765553
"""Cf_Spring_Song""","""Cf_ssp._urbiniana_Rutgers""",0.177421663
"""Cf_Spring_Song""","""Cf_ssp._urbiniana_USNA""",0.180020211
"""Cf_ssp._urbiniana_Rutgers""","""Cf_Sweetwater_Red_USNA""",0.181953544
"""Cf_ssp._urbiniana_Rutgers""","""Cf_Xanthocarpa_Rutgers""",0.184790436
"""Cf_ssp._urbiniana_USNA""","""Cf_Sweetwater_Red_USNA""",0.185012765
"""Cf_Xanthocarpa_Rutgers""","""Cf_ssp._urbiniana_USNA""",0.185847137
"""Cf_H4AR15P25""","""Cf_ssp._urbiniana_Rutgers""",0.18597605
"""Cf_H4AR15P25""","""Cf_ssp._urbiniana_USNA""",0.190282223
"""Cf_ssp._urbiniana_Rutgers""","""Cf_H3G2R01P14""",0.190455656
"""Cf_H3G2R01P14""","""Cf_ssp._urbiniana_USNA""",0.190724638
"""Cf_ssp._urbiniana_Rutgers""","""Cf_Red_Pygmy""",0.192843799
"""Cf_Red_Pygmy""","""Cf_ssp._urbiniana_USNA""",0.194347826
"""Cf_Double_Pink""","""Cf_ssp._urbiniana_Rutgers""",0.215053763
"""Cf_Double_Pink""","""Cf_ssp._urbiniana_USNA""",0.21568915
